id,Domain,Status,Attractiveness,Demand,Length,Registrar,Created,Expires
613590f3-5ec8-4950-8c7c-5a3a7b18ab94,service.global,premium,70,33,7,,,
ab065eb2-87c9-4f3e-816a-8274a8d06b6e,service.gmbh,expiring,70,33,7,"COREhub, S.R.L.",21/12/2017 11:47,21/12/2025 11:47
f7705fa3-bee6-480c-b1bb-b1561afb1f0a,service.gold,resell,70,33,7,"Chengdu West Dimension Digital Technology Co., Ltd.",14/10/2018 14:46,14/10/2026 14:46
01248e56-4007-4e94-a617-228b6e9430bd,service.graphics,available,70,33,7,,,
5c000184-79a8-415a-bd52-1b1a27c2b5d0,service.gratis,premium,70,33,7,,,
e5c09305-a91b-4030-93c8-5f790b4f6359,service.green,premium,70,33,7,,,
f2f8fd13-2e18-4bcd-bac3-637d7a9e1e61,service.gripe,available,70,33,7,,,
c56e292f-865c-462c-a69b-8773383c2b58,service.guitars,available,70,33,7,,,
c6e908df-b76a-4689-820b-7284c5860143,service.hair,premium,70,33,7,,,
3801502c-9d01-4f92-8884-a1fbd1ebefd8,service.health,premium,70,33,7,,,
2f79a9f1-da04-482e-a0b8-ad3d8d5ca950,service.healthcare,premium,70,33,7,,,
5f26f078-5e87-407b-9ec9-48aef89bbd80,service.hiphop,premium,70,33,7,,,
c4be3431-980d-439e-807a-c9bc697822d3,service.hiv,premium,70,33,7,,,
ab40a06a-f71b-4f0d-ad93-50bb79d87dd6,service.hockey,available,70,33,7,,,
5fe12024-5802-4cc5-93d5-6930f6c11e5d,service.holdings,available,70,33,7,,,
34b08ddf-7d3a-42cf-98de-9d09696d7ff9,service.holiday,available,70,33,7,,,
34040b26-ec21-4c9d-9395-287270927a9b,service.horse,available,70,33,7,,,
9b5ba8f2-0e22-4dd0-af1f-992d111c49d9,service.host,premium,70,33,7,,,
72cb3cee-6bad-47a3-9b3b-5d9510fbe31c,service.hosting,available,70,33,7,,,
5d8d5e6d-660e-4314-9b77-21ba2e64a8e1,service.hot,premium,70,33,7,,,
671c7ce4-af7c-47be-b018-ea088b300bdc,service.how,premium,70,33,7,,,
f3575aad-dc57-42c3-a133-2272778e6b05,service.icu,premium,70,33,7,,,
02983c78-79ee-4521-9703-88d7261333ea,service.im,premium,70,33,7,,,
8a9bc7bf-c1f4-4e4b-b657-6c20b303833a,service.immo,sold,70,33,7,united-domains GmbH,04/10/2022 08:17,04/10/2026 08:17
40cc9cdc-4f3f-48a2-b4c4-3e7e5a20d1ca,service.inc,premium,70,33,7,,,
3ce259f2-11ca-4b22-8e81-f4d5d56b440e,service.info,resell,70,33,7,Scaleway SAS,27/07/2001 19:26,27/07/2026 19:26
9c5f3b8b-bceb-4dc6-941a-dd44d889b385,service.ing,premium,70,33,7,,,
82e814f1-f5ac-4701-a07a-791ecd34bbe6,service.ink,resell,70,33,7,Alibaba Cloud Computing Ltd. d/b/a HiChina (www.net.cn),07/05/2019 19:12,07/05/2026 23:59
f6d035f0-5613-47d2-8b1c-a5844238ef01,service.institute,resell,70,33,7,"GoDaddy.com, LLC",19/06/2019 17:10,19/06/2026 17:10
2f73c229-8602-4002-b665-6ecbccb24643,service.international,resell,70,33,7,"Sav.com, LLC",30/08/2024 06:19,30/08/2026 06:19
6cb06017-7d0a-4c1e-8898-6de0ba0e0230,service.investments,premium,70,33,7,,,
fc1b820e-346f-46d7-b7ec-511f3aae2918,service.io,resell,70,33,7,Key-Systems GmbH,19/01/2005 20:58,19/01/2026 20:58
32ed0572-50e5-48d6-b524-936bcf2c7e0a,service.irish,available,70,33,7,,,
9012b961-f711-487a-8a63-9f6e73b02895,service.it,expiring,70,33,7,,17/12/2024 09:00,17/12/2025 00:00
91ce7296-31c5-4c1b-8a2d-cf5e8ede2224,service.jewelry,available,70,33,7,,,
01526ec3-82b3-4398-b42c-9e4bf3aa9306,service.juegos,available,70,33,7,,,
8d502cd1-94b8-4edf-ae8d-0826d0df218a,service.kaufen,sold,70,33,7,Cronon GmbH,11/09/2024 16:24,11/09/2026 16:24
1e6a2a62-6b8c-41ee-84a9-8d05b95e71a3,service.kids,premium,70,33,7,,,
3e9ce32d-0b65-4f4d-8eb6-9308e58631a1,service.kim,resell,70,33,7,"Sav.com, LLC - 10",28/08/2025 15:15,28/08/2026 15:15
93bf38df-ac26-46e1-9dea-6d2166fc1ea3,service.la,resell,70,33,7,LA Domain Names,14/12/2018 21:24,14/12/2026 23:59
073e3992-8221-47fa-aaeb-2c7e8d9c9b27,service.lawyer,premium,70,33,7,,,
0971ddc8-0796-442f-ac48-9fec687295db,service.lgbt,premium,70,33,7,,,
251004e1-1ba8-4693-961e-3b04e83c987e,service.life,resell,70,33,7,"DNSPod, Inc.",17/09/2019 07:55,17/09/2026 07:55
9215e7d2-8417-4062-831f-fdf181fa1961,service.lifestyle,premium,70,33,7,,,
952fc31a-7f8d-4ba6-9abf-1cd443015aa8,service.lighting,available,70,33,7,,,
67a7785c-2a27-4969-bdec-6fabaf9a4624,service.live,resell,70,33,7,Porkbun LLC,22/06/2024 20:21,22/06/2026 20:21
4be31f00-e05e-471a-85f4-f52cac407dfb,service.living,premium,70,33,7,,,
4c88d51b-5f17-40ac-a99c-de8fd95c61f5,service.llc,premium,70,33,7,,,
142f7417-40fe-43aa-9330-61cd6f994857,service.loan,premium,70,33,7,,,
2c0c067b-2363-462b-a3a3-a3c4488927d7,service.locker,premium,70,33,7,,,
bcd00324-ddd4-4134-a2e6-2b2b24992c7d,service.love,resell,70,33,7,"Spaceship, Inc.",05/10/2019 06:58,05/10/2026 23:59
ec70549d-2afe-4f11-a3ae-960c3f8b299e,service.ltd,resell,70,33,7,Alibaba Cloud Computing Ltd. d/b/a HiChina (www.net.cn),21/06/2016 11:12,21/06/2026 11:12
ee599850-935a-4b1c-a07f-69a86d184fd6,service.ltda,premium,70,33,7,,,
83532900-3d57-4f76-ab09-2c14894e189f,service.luxe,resell,70,33,7,"GoDaddy.com, LLC",05/05/2021 13:05,05/05/2027 13:05
1102b8bf-76a9-4dfb-9cfd-a61233372da3,service.luxury,premium,70,33,7,,,
5f520ae6-c8a0-42ed-91bb-33f4273cb743,service.makeup,premium,70,33,7,,,
bf37c229-8676-419c-8829-0b4b0968b405,service.market,premium,70,33,7,,,
9d28d2e4-c880-423e-aae6-2f2f8458a724,service.marketing,resell,70,33,7,"GoDaddy.com, LLC",19/08/2015 16:11,19/08/2026 16:11
80b46d0d-c04d-4e88-9695-9c1f6c954571,service.media,resell,70,33,7,"Chengdu West Dimension Digital Technology Co., Ltd.",08/09/2018 10:20,08/09/2026 10:20
56447f5c-6b38-4e47-81b3-ffcc274c7ef5,service.melbourne,premium,70,33,7,,,
e44c700d-a351-46ad-9376-e6168f7bb3f8,service.meme,premium,70,33,7,,,
b67f66d3-eb56-4863-8284-69b9eb6df380,service.memorial,premium,70,33,7,,,
43b6e5a8-2d29-463e-9bb1-9d6e6fb7d7cd,service.men,premium,70,33,7,,,
20ea4bcc-9629-44b9-88e2-1d310b988fec,service.menu,premium,70,33,7,,,
a7e66a6c-cb15-4d6a-b78f-efd1e4e00287,service.miami,expiring,70,33,7,"GoDaddy.com, LLC",20/12/2021 13:55,20/12/2025 13:55
2db67faa-7a33-420f-96d3-307dd3789d78,service.mobi,resell,70,33,7,1API GmbH,11/05/2006 22:16,11/05/2027 22:16
da8857ad-6f4f-40f2-981a-ea0ec00db362,service.moda,available,70,33,7,,,
fa06222b-92ba-49e0-815a-3f1083f17e1d,service.moe,premium,70,33,7,,,
24119d40-42b0-44fd-b19c-c882db887e87,service.mom,premium,70,33,7,,,
b5123d4c-3b6e-4077-8534-81fd1ab722e4,service.monster,premium,70,33,7,,,
9bad55db-4537-4c79-8222-681af6a3f8db,service.mortgage,premium,70,33,7,,,
02b7b3a9-66aa-42cc-91bf-168e1c3fa64d,service.motorcycles,premium,70,33,7,,,
b6b37157-7afe-4e4f-9a1c-bd407bef730d,service.mov,premium,70,33,7,,,
2fd15def-a009-44b4-b5a3-44cafb0a8fe8,service.movie,available,70,33,7,,,
663d74e9-dcde-499b-91cc-b62eb02640fa,service.music,premium,70,33,7,,,
5dd6eaba-7d17-4910-bcaf-a1110df0a339,service.navy,available,70,33,7,,,
ee57d340-b80e-4235-b605-31f1545cdfe6,service.network,sold,70,33,7,Dynadot Inc,21/02/2019 06:14,21/02/2026 06:14
5e1eedcd-97a0-41bb-8ed5-b6342a633b02,service.news,premium,70,33,7,,,
946aa8b8-f390-46b0-b7e5-a18bb90351bc,service.nexus,premium,70,33,7,,,
b4eedfa0-a8b5-487d-9587-52346c2917d3,service.observer,premium,70,33,7,,,
e0f4a020-d271-4dbc-b15e-fb54a8958a66,service.online,premium,70,33,7,,,
d758a545-b510-437e-9fbb-eb8f49be36d6,service.osaka,premium,70,33,7,,,
b8736c37-f879-438c-9156-941ec38cf029,service.page,premium,70,33,7,,,
d7309606-5d74-4ca7-98eb-ff88c63e0a47,service.party,premium,70,33,7,,,
41a9ffc1-3350-4df9-89f6-8bd7d0022ea9,service.pet,premium,70,33,7,,,
f0ad0d61-ab7e-49cf-8cd5-723ad81611c0,service.phd,premium,70,33,7,,,
f2dfcb20-7366-44fe-a4b2-246829f2eefb,service.photo,premium,70,33,7,,,
b9d50752-6994-4e4a-a81a-35f81b77ef66,service.photography,available,70,33,7,,,
634c24c3-fc4f-483f-9aa3-08297f71c645,service.pics,available,70,33,7,,,
96204220-b4e4-4f3c-8f54-92d2c3895beb,service.pictures,available,70,33,7,,,
ef71ce46-0def-4cb8-b6b0-295aee4ad156,service.plumbing,premium,70,33,7,,,
e354c1a3-69a3-418b-8600-ce99fa2e6103,service.porn,premium,70,33,7,,,
0480c357-f8c2-4341-a648-a4e559c7f5d3,service.press,premium,70,33,7,,,
451eb6d8-afa6-4523-9ef4-39a0db180044,service.productions,premium,70,33,7,,,
c964c599-7578-4ffc-bf01-b805527b1e09,service.prof,premium,70,33,7,,,
314e60a1-fdb4-4236-8389-566633b51f37,service.promo,premium,70,33,7,,,
9f3f81ee-9517-4f14-9d4c-34a5ce75d8f8,service.properties,available,70,33,7,,,
559778bd-5be1-403c-8010-2aceac8686ec,service.property,premium,70,33,7,,,
f1ca4c2f-613b-4b23-aca3-1a5093858d42,service.protection,available,70,33,7,,,
60df281c-037c-4c2c-9ffd-f3efe3850ddf,service.pub,resell,70,33,7,"DNSPod, Inc.",15/04/2019 10:49,15/04/2026 10:49
804ad06e-5e4c-48ef-bcf8-857f274b59b5,service.pw,premium,70,33,7,,,
f2bcab8c-9d28-4671-ac60-12f1b4513384,service.qpon,premium,70,33,7,,,
3b71110a-55f3-4a95-b198-124080ad41ce,service.quest,premium,70,33,7,,,
cf944c3b-17bd-432c-babf-c60040154206,service.racing,premium,70,33,7,,,
203756da-f786-4a6d-9cf3-3de6a300f248,service.realty,available,70,33,7,,,
a167d9ba-a4e1-40b7-a81a-268867c2d95b,service.recipes,available,70,33,7,,,
362822f5-d695-4f84-a9ea-2ba86e18dc6d,service.red,resell,70,33,7,"Spaceship, Inc.",24/04/2019 11:04,24/04/2026 11:04
40e75149-27c0-4119-b1b1-d7c08aaea94c,service.rehab,premium,70,33,7,,,
a0267fb3-3a37-4cdf-8db4-2f95f4a6273c,service.reise,available,70,33,7,,,
8e10767a-d08b-421c-9a18-ccbc4ec05730,service.rent,premium,70,33,7,,,
1407936c-3bb0-47fe-b36a-7ec53e1e6f62,service.repair,expired,70,33,7,"GoDaddy.com, LLC",07/12/2016 07:48,07/12/2025 07:48
d05fa476-7cc2-458e-8069-9e7e953b01d9,service.republican,available,70,33,7,,,
c9b57df9-f514-422a-a1ff-4c0610e6a5a7,service.rest,premium,70,33,7,,,
a67b18c7-d541-4e91-a69b-cd6f88407dfb,service.review,resell,70,33,7,"GoDaddy.com, LLC",01/11/2017 18:28,01/11/2026 18:28
cad80b1f-271e-4ed7-8929-dc7099e758cf,service.reviews,premium,70,33,7,,,
1d7b251e-ce05-4966-9348-3d93f2d1a3d7,service.rich,available,70,33,7,,,
ebb75543-e531-4875-b138-e96dbdf2d426,service.rodeo,sold,70,33,7,Tucows Domains Inc.,11/12/2025 17:59,11/12/2026 17:59
a0227a6c-5055-4691-a6b8-f45162d80a4c,service.rsvp,premium,70,33,7,,,
966993af-323e-4786-a544-bdcb31131a91,service.run,resell,70,33,7,Xin Net Technology Corporation,07/03/2019 08:20,07/03/2026 08:20
f0cc4f78-0b8e-4965-b29a-f14fe52afc6e,service.sale,premium,70,33,7,,,
93fd2fe5-2e26-445d-90bf-fd517a1dc5ae,service.sarl,premium,70,33,7,,,
36c0e0b4-dcbf-4f73-9f0b-517987e59473,service.sbs,premium,70,33,7,,,
40fcffa9-4356-498e-8375-e1145cdabfc6,service.school,sold,70,33,7,"GoDaddy.com, LLC",30/09/2020 19:27,30/09/2026 19:27
55cc1eef-732c-4de7-bb77-28e439e83999,service.science,premium,70,33,7,,,
6482db59-2382-4e49-a0fc-d5a98ac96602,service.security,available,70,33,7,,,
ff5f8c82-8540-4ad6-98fe-b90e5767c068,service.services,sold,70,33,7,1API GmbH,05/03/2020 02:44,05/03/2026 02:44
1f94e71a-1781-4fc3-9bd0-7d48d7ad92e1,service.sexy,available,70,33,7,,,
4418424d-82e5-4ee4-881e-3871485a0160,service.shiksha,premium,70,33,7,,,
12249fdd-b608-41a2-b2a4-7bf97226fe81,service.shoes,available,70,33,7,,,
5485b346-2db9-4c2b-af6b-8a3d92162977,service.shopping,sold,70,33,7,united-domains GmbH,30/09/2016 05:57,30/09/2026 05:57
07f9fccc-d0a7-4a77-8046-f011b8ec1e7e,service.show,resell,70,33,7,"DNSPod, Inc.",03/04/2018 05:13,03/04/2026 05:13
614af471-5f46-42e6-882b-f8aee770188d,service.site,premium,70,33,7,,,
680253f8-4f59-42b6-8cbd-5b63ba9225d0,service.ski,expiring,70,33,7,InterNetX GmbH,11/01/2017 11:00,11/01/2026 11:00
4d918c05-064c-4680-b48d-7f7c248eab71,service.skin,premium,70,33,7,,,
13a9f7e5-0b6f-420d-b5d1-c6f9c6c99cc2,service.soccer,available,70,33,7,,,
e79106d5-aacf-4b93-bd95-66e9c78f6963,service.social,premium,70,33,7,,,
bfa77dbb-abe4-424e-a25e-aa5a697d9bdf,service.software,premium,70,33,7,,,
abb9deff-66f9-433c-bee7-57da17120e8c,service.solutions,resell,70,33,7,"Sav.com, LLC",24/06/2015 16:01,24/06/2026 16:01
f05e3d11-e1ab-4368-81fd-a505da0f4795,service.soy,premium,70,33,7,,,
1877ac2a-f13a-4623-98b1-240c554298e7,service.space,premium,70,33,7,,,
16ed892c-3888-4281-aa9e-32357bd59a3c,service.spot,premium,70,33,7,,,
aa8b17ea-e5ca-4419-ae09-5f48002c1aec,service.srl,premium,70,33,7,,,
99c12a6e-dd97-4c0a-a69d-87eab409b4b2,service.storage,available,70,33,7,,,
f810f97c-ed33-427b-9233-56bd34ced41f,service.store,premium,70,33,7,,,
5136fc91-9fa8-4c94-9a74-889d7b5e8612,service.stream,premium,70,33,7,,,
1490ad62-a8a8-4910-b2e0-285f62ff9cca,service.study,premium,70,33,7,,,
306af536-5b3d-419f-b4f4-5e72c1573929,service.style,available,70,33,7,,,
904478b1-37b3-4bdf-adff-bcf8fe2108b0,service.sucks,premium,70,33,7,,,
c47ac544-ffd6-4a52-8b7c-3ddaf82ab3a4,service.supplies,resell,70,33,7,"Sav.com, LLC",25/11/2019 15:10,25/11/2026 15:10
2309051b-712b-4f5c-9b53-81b4bf84ef01,service.supply,resell,70,33,7,"Sav.com, LLC",26/11/2016 23:18,26/11/2026 23:18
e42fdfe0-e331-422c-a4f0-59acad00157b,service.surf,available,70,33,7,,,
70d57bb4-1235-4a9b-87a1-e80f0839018b,service.surgery,available,70,33,7,,,
f777cbfa-dace-4c3a-a357-55b4b15f01e4,service.sydney,premium,70,33,7,,,
9b494e1f-e7a0-4a87-85d3-07e00e9fd376,service.systems,resell,70,33,7,"Sav.com, LLC",25/08/2016 05:59,25/08/2026 05:59
d348f27b-6645-4a8e-a8f2-119c0c01214b,service.talk,premium,70,33,7,,,
089214f9-cd4e-4ad6-9911-2da90c2ae28c,service.tattoo,available,70,33,7,,,
d3555039-5bfe-410e-90b2-92383d43061d,service.tax,resell,70,33,7,"GoDaddy.com, LLC",01/09/2015 05:59,01/09/2026 05:59
f853c22f-0ac0-483e-80ab-27e868f4569f,service.tech,premium,70,33,7,,,
b530e45f-6988-421f-8b64-0a47a39b80fc,service.tel,expiring,70,33,7,"Name.com, Inc.",09/01/2025 01:47,09/01/2026 01:47
56a7e69d-17f4-4db2-b403-1658fcb0fdd0,service.tennis,premium,70,33,7,,,
ebd163a5-c49e-4c81-90ca-8cb4e09305b5,service.theater,available,70,33,7,,,
a1cae290-bced-4bcd-95e3-4e1a71a13c35,service.theatre,available,70,33,7,,,
b3bd521a-e962-4232-b014-84be754b8c88,service.tickets,available,70,33,7,,,
5b034659-e3d9-48ad-9c83-47aa9ada1bbc,service.tienda,available,70,33,7,,,
6b6d052b-fa07-4d99-b5de-5701812c16b9,service.tours,premium,70,33,7,,,
bb78872b-790c-46b4-8611-d065be50af82,service.town,premium,70,33,7,,,
f2dcb2da-8d82-41bb-8f45-dd35ea201ecb,service.toys,sold,70,33,7,"Spaceship, Inc.",13/10/2025 09:15,13/10/2026 09:15
b9462e0f-e845-40b9-bc6f-da1f4703fd66,service.trade,premium,70,33,7,,,
3a263155-1d45-4495-8eb8-f4bcae8e6cc5,service.training,resell,70,33,7,"Spaceship, Inc.",04/06/2022 13:15,04/06/2026 13:15
09aba47c-9856-4fd6-8150-4c9287b06f95,service.tube,resell,70,33,7,"GoDaddy.com, LLC",10/04/2019 22:15,10/04/2026 22:15
62bdc51a-4b29-4cad-8066-f69851309558,service.uno,premium,70,33,7,,,
dd6edbce-594a-4eac-b2ad-51150b64f92d,service.vacations,available,70,33,7,,,
2d98932f-91bd-4f47-89e8-c2f69083bf03,service.vana,available,70,33,7,,,
d165a4b5-fc47-4511-a3ce-5e4a80ccac7a,service.vet,premium,70,33,7,,,
3169aa60-d781-4110-b622-110a1d246485,service.viajes,available,70,33,7,,,
dcfdb5f7-2ae0-4fca-96b0-510af4153937,service.villas,premium,70,33,7,,,
01aeedff-6ee0-4306-879c-4b88758eec22,service.vin,premium,70,33,7,,,
f5ab2409-45bb-4fc4-ba93-beafae3813bf,service.vision,sold,70,33,7,InterNetX GmbH,11/09/2014 14:51,11/09/2026 14:51
7f6b9d92-c818-4f34-894c-97eeb367bf9a,service.vodka,available,70,33,7,,,
d6a2cff8-89fe-4a72-911a-e2916bd46db8,service.vote,available,70,33,7,,,
24865410-3c9f-4926-b161-32f7353a4365,service.voto,available,70,33,7,,,
0fcfd364-8993-4486-9393-64509aa26983,service.voyage,available,70,33,7,,,
5706f56a-2471-4579-89e5-b19c0ec71701,service.webcam,premium,70,33,7,,,
562460d5-648b-4086-af7b-529c8a3edaf3,service.website,premium,70,33,7,,,
605c2263-4305-47c0-9591-641c3056a63a,service.wedding,premium,70,33,7,,,
7833488a-cf41-45cd-b894-a38485e11056,service.wiki,resell,70,33,7,Alibaba Cloud Computing Ltd. d/b/a HiChina (www.net.cn),12/08/2022 00:00,12/08/2026 00:00
6692012e-bc6e-4bcc-ad89-7dbebbd8437b,service.win,premium,70,33,7,,,
688058a5-72d6-4f88-9cf3-51b3a86d5b7d,service.world,resell,70,33,7,"Chengdu West Dimension Digital Technology Co., Ltd.",03/04/2017 16:12,03/04/2026 16:12
1d554f41-695b-4530-83c9-f697181880a2,service.xyz,resell,70,33,7,"Sav.com, LLC",05/09/2021 18:02,05/09/2026 23:59
5467a60b-6ae1-48e5-bbd9-d058dcd181a5,service.yachts,premium,70,33,7,,,
3caf5b79-141f-40e9-8dd1-d141db87ff3a,service.yoga,available,70,33,7,,,
7cd2027b-0995-4ec5-a43c-2067872ebbf6,service.you,premium,70,33,7,,,
f9af8b1e-73c8-4d42-a9b9-f22dbb368b6a,service.zip,premium,70,33,7,,,
4394f1ab-3f54-43bd-8cec-7b1c1dd3f19d,service.academy,resell,70,33,7,"Spaceship, Inc.",07/07/2022 13:15,07/07/2026 13:15
c032f6e1-7002-4cbd-af74-0537b7f2f299,service.accountant,premium,70,33,7,,,
f12f58b6-26e7-4f04-9d62-da26db34095f,service.accountants,available,70,33,7,,,
36d7332a-7d4a-4caf-a257-88beabf4ff97,service.actor,available,70,33,7,,,
2bd1ffbf-583e-4bb6-860b-dfa4ed6f05e0,service.adult,premium,70,33,7,,,
a41c29c0-b65d-40b8-a12b-d9fd46ab4a12,service.airforce,resell,70,33,7,Cronon GmbH,19/05/2024 23:31,19/05/2026 23:31
bb0e4f83-9a90-4fa5-941d-cd7c57701e00,service.art,premium,70,33,7,,,
e06d4c9c-0f28-4bbb-93cc-2b8a6c3f014e,service.asia,resell,70,33,7,InterNetX GmbH,27/06/2008 07:04,27/06/2026 07:04
ef41ef29-cefa-4cb5-9fb7-07bdfc85e362,service.associates,premium,70,33,7,,,
bfea7755-9b55-4da6-8cfe-9c09e7d24801,service.at,sold,70,33,7,sourceheads Information Technology GmbH ( https://nic.at/registrar/181 ),,
4e7051a8-7b1d-4c2a-a933-eb2246d7b2d5,service.attorney,premium,70,33,7,,,
70fcae6b-42f0-46ba-b514-95d3c0e57ca6,service.auction,premium,70,33,7,,,
09e0a091-24af-4106-bcdd-9527b128aab4,service.auto,available,70,33,7,,,
1690c86f-586b-4b59-9b40-ab03ae56feed,service.autos,premium,70,33,7,,,
5e9eea33-4174-4ea6-b70f-6e576c282f75,service.baby,premium,70,33,7,,,
dde79cba-ff5f-4998-a664-1f30fe7f5959,service.bar,premium,70,33,7,,,
fbc3658f-f04d-47ef-b375-89ffce3c24a1,service.beauty,premium,70,33,7,,,
1a48d8e9-04df-4997-a1f6-9a39b79e6d42,service.berlin,premium,70,33,7,,,
d1f83171-0515-449c-8fb7-bf7c724376da,service.best,expired,70,33,7,Dynadot LLC,02/11/2018 09:03,02/11/2025 23:59
9de92dc1-6022-4042-bf56-c4511828a18a,service.bid,resell,70,33,7,Dynadot Inc,28/10/2020 04:48,28/10/2026 04:48
c154bad7-23a1-4fd7-ab42-8f35c198217e,service.bingo,available,70,33,7,,,
6f0dd394-9392-4e19-8186-e791937db1d9,service.bio,resell,70,33,7,"Spaceship, Inc.",11/08/2022 13:15,11/08/2026 13:15
f99f564a-e895-4dd7-a0c5-cd7a4a64004b,service.black,resell,70,33,7,"Xiamen ChinaSource Internet Service Co., Ltd",05/08/2025 15:15,05/08/2026 15:15
c15995f8-2993-4ce2-ba08-2789399e3d78,service.blackfriday,available,70,33,7,,,
e61e7430-558e-426e-8bd6-a4fd71461fce,service.blog,premium,70,33,7,,,
855413ad-bad3-498e-9421-5aa2cedf123d,service.blue,resell,70,33,7,"Spaceship, Inc.",17/04/2021 14:30,17/04/2026 14:30
93ccff2b-4061-4510-8d5b-5ffae25ffc24,service.boats,premium,70,33,7,,,
e066af79-4c1c-431a-8615-eb8e329374be,service.bond,premium,70,33,7,,,
5f82ea0e-ec6f-4e77-84e6-9c92a69c1ed4,service.boo,premium,70,33,7,,,
32facb66-ce7b-4018-8188-13963255ae59,service.boston,expired,70,33,7,"GoDaddy.com, LLC",10/10/2017 16:00,10/10/2025 16:00
80d0f36a-e828-4c8c-9e1a-e83772dcf950,service.boutique,sold,70,33,7,"Spaceship, Inc.",10/10/2025 08:39,10/10/2026 08:39
8f198ca0-e56e-44fd-9a68-251c80d2ebeb,service.build,premium,70,33,7,,,
94c99a86-e77d-493a-8b5f-3358fe1ea7a2,service.builders,expiring,70,33,7,"GoDaddy.com, LLC",03/01/2020 14:49,03/01/2026 14:49
77982f2c-4b84-45bc-8f95-186eb60ab573,service.business,resell,70,33,7,Dynadot Inc,26/05/2020 08:44,26/05/2026 08:44
e3b0583d-4c3e-4e95-b1d5-52388ab8594a,service.buzz,premium,70,33,7,,,
36bfd9d0-20ed-4424-97fd-7f56a395e710,service.cab,premium,70,33,7,,,
5d99c7f6-ccc5-4292-8272-b7daf5b19732,service.cam,expired,70,33,7,"Spaceship, Inc.",06/10/2024 05:50,06/10/2025 23:59
1e1693b8-9fa5-4e09-8bdf-a479c469ddb4,service.camera,available,70,33,7,,,
609a8987-c197-4df8-a5c2-040bd481d99c,service.camp,premium,70,33,7,,,
4e73d548-7363-4065-ae15-bf0feddf4255,service.capital,resell,70,33,7,"Sav.com, LLC - 24",25/11/2021 13:15,25/11/2026 13:15
dd76adbf-b8f1-45f8-b51f-6fbc656e567a,service.car,available,70,33,7,,,
b639c47a-59c6-43f6-9d67-3733a48d819f,service.cards,sold,70,33,7,"Key-Systems, LLC",22/09/2023 07:47,22/09/2026 07:47
aae01c74-0315-4899-a211-b97245d232a1,service.care,resell,70,33,7,Dynadot Inc,19/10/2015 22:38,19/10/2026 22:38
3c8579da-0d2e-4eff-a5e9-47d445059f24,service.cars,available,70,33,7,,,
11c9503e-c299-48d8-9f76-422a07245b14,service.casa,premium,70,33,7,,,
36d0b7de-9f23-40ee-8550-b9f37d095ea5,service.cash,resell,70,33,7,"Xiamen ChinaSource Internet Service Co., Ltd",06/11/2022 13:15,06/11/2026 13:15
c3aea69c-d421-49c3-9ad6-2fa01d037b93,service.casino,resell,70,33,7,"Sav.com, LLC - 14",19/09/2025 15:15,19/09/2026 15:15
e3f153d2-b12c-4576-8290-7d0310453c05,service.catering,premium,70,33,7,,,
e70f2d23-4881-48fb-b822-b7b9fcd5d69f,service.center,resell,70,33,7,"Sav.com, LLC",13/09/2023 17:55,13/09/2026 17:55
d2d122c8-d261-4309-ad41-8cd38c8bf1f0,service.charity,available,70,33,7,,,
b497f1d4-0c60-48f5-bd8e-110c08c0761f,service.chat,resell,70,33,7,"Spaceship, Inc.",03/08/2024 15:15,03/08/2026 15:15
95f9bc2f-5e41-4a6f-8797-b20b3c8cccd8,service.christmas,available,70,33,7,,,
860a918e-9fab-4932-9473-28fa0f8ae6fd,service.claims,premium,70,33,7,,,
2489afb6-4ac1-427e-a9d0-31b249ba1eeb,service.cleaning,premium,70,33,7,,,
e70bcf90-cd00-42ec-b359-02f450bfeaad,service.cloud,premium,70,33,7,,,
895ed0ef-b250-49fd-aa01-17c50346f598,service.codes,sold,70,33,7,"Sav.com, LLC",29/09/2025 08:06,29/09/2026 08:06
153e50cd-7235-4d92-80b2-be0865d02682,service.college,premium,70,33,7,,,
73faee48-67f6-435a-acbc-f36211567cef,service.company,resell,70,33,7,Dynadot Inc,09/09/2017 02:31,09/09/2026 02:31
68090515-5e36-456a-ab4d-722d7404116e,service.computer,premium,70,33,7,,,
e32b95ca-6e40-4a84-b8c1-758f908aae1f,service.construction,resell,70,33,7,"Sav.com, LLC",27/01/2025 17:08,27/01/2026 17:08
4a42d542-75d0-4110-a550-02558c39c807,service.consulting,premium,70,33,7,,,
b272a78c-ef10-40bf-8b04-f13803f2546e,service.cooking,premium,70,33,7,,,
27ff5efa-33d0-49e9-99d5-c24464bbcd4e,service.country,premium,70,33,7,,,
0a13aa0e-c105-4853-96e0-c936e236e18c,service.coupons,premium,70,33,7,,,
dc5356e0-20c5-4df1-926c-655515278c8f,service.courses,premium,70,33,7,,,
693a5b19-4123-4ac4-9878-c5c3611bebba,service.creditcard,premium,70,33,7,,,
204f7952-37be-450a-be89-6f09da67c4df,service.cricket,premium,70,33,7,,,
47f45512-bb9b-47d7-ba01-b2d0378eb4d2,service.cruises,available,70,33,7,,,
5ab3d64e-cc5b-4009-9a82-0388376094e5,service.cv,premium,70,33,7,,,
7d7b95e9-ce3c-447b-97e4-5b0252163f19,service.cx,resell,70,33,7,West263 International Limited,23/07/2024 00:00,23/07/2026 23:56
f3937e6d-4def-4016-9552-a23b24f04d36,service.cyou,premium,70,33,7,,,
1e20054a-0b0b-415a-94cd-d9b2b5a15ffb,service.dad,premium,70,33,7,,,
a9473418-173c-4e37-923f-1a2fb1023f03,service.dance,available,70,33,7,,,
61782778-3465-4d95-932b-c6cc3a9a438f,service.date,premium,70,33,7,,,
1fd50ed2-79f2-4bd2-9dea-e85e3e78ec81,service.deal,premium,70,33,7,,,
53fe1c2f-d1bb-4974-a709-737724e48f3a,service.dealer,premium,70,33,7,,,
e930f56d-c67b-441f-8da1-e336eca9f89c,service.degree,available,70,33,7,,,
441abff2-5223-4eb4-828a-5d1fd85678ac,service.delivery,resell,70,33,7,"NameCheap, Inc.",11/03/2015 23:36,11/03/2026 23:36
eeed6168-5387-4430-9eb6-830433199da0,service.democrat,available,70,33,7,,,
231705e4-b90c-4990-9ddf-33f41c0cec34,service.dental,premium,70,33,7,,,
486c3a1a-4a72-4bff-99ef-e177a3ee20dd,service.dentist,available,70,33,7,,,
f9f36a3c-a530-4309-8bf1-1d99284d51b4,service.diamonds,premium,70,33,7,,,
1e81645f-bc89-4007-bdc1-f53ea4e79ed1,service.diet,available,70,33,7,,,
afb82688-820a-401d-8c41-cbcc5b2616fc,service.digital,resell,70,33,7,"GoDaddy.com, LLC",15/01/2019 11:16,15/01/2026 11:16
be63930b-eaa4-4484-ba49-c3c26edf73db,service.direct,expiring,70,33,7,"Spaceship, Inc.",10/01/2024 15:15,10/01/2026 15:15
201fbc9a-7cb7-4ff4-a9c5-b2717d75a04b,service.directory,expiring,70,33,7,"NameCheap, Inc.",06/01/2024 18:55,06/01/2026 18:55
65044cf3-8dd1-462a-b5b0-8d2818ac68ae,service.discount,premium,70,33,7,,,
f51f6c73-897f-487e-a069-e32f6563c8bd,service.diy,premium,70,33,7,,,
dd832a62-2636-4c23-86ca-0a6adb08dd29,service.download,premium,70,33,7,,,
fc0c27a6-9e20-44d4-a8b5-9896a653f997,service.earth,expiring,70,33,7,"GoDaddy.com, LLC",10/01/2020 17:40,10/01/2026 17:40
4ff5646b-740f-44d5-8620-81fedb248b17,service.email,resell,70,33,7,"DNSPod, Inc.",20/09/2024 15:15,20/09/2026 15:15
8ad131eb-9f5f-4cb3-80a9-5637397b6109,service.energy,expiring,70,33,7,"GoDaddy.com, LLC",21/12/2021 13:15,21/12/2025 13:15
86943a6f-e365-4cf2-bf49-16adb20cac4f,service.engineering,resell,70,33,7,"Sav.com, LLC - 38",21/11/2024 17:00,21/11/2026 17:00
950190fc-765f-4973-8274-773c1f79dfdf,service.equipment,expired,70,33,7,"Sav.com, LLC",21/10/2024 19:44,21/10/2025 19:44
80110d12-abc4-4bb6-9900-eba40c1ae949,service.esq,premium,70,33,7,,,
32c2c1dc-32ae-44cf-a90c-f68b68d18bd3,service.eu,sold,70,33,7,Name: united-domains GmbH Website: https://www.united-domains.de,,
486e30bf-7cd8-45e6-bb26-47e0aed32b27,service.events,resell,70,33,7,Dynadot Inc,10/07/2025 17:00,10/07/2026 17:00
642ece8c-4b28-4975-831c-71c330b9d64f,service.exchange,resell,70,33,7,"NameCheap, Inc.",19/09/2023 08:19,19/09/2026 08:19
d49ca436-19c4-4e02-a696-33fb0f73a27a,service.expert,sold,70,33,7,1API GmbH,15/07/2015 16:00,15/07/2026 16:00
06b1aa7f-bd05-4d2c-a43d-dd05c83fce3e,service.exposed,sold,70,33,7,"Cloudflare, Inc",09/10/2025 12:16,09/10/2026 12:16
2d8a263b-7fb1-4455-91e3-fb0910cc574b,service.faith,premium,70,33,7,,,
dbe320e6-20c7-470d-9e1e-b657a05eddc2,service.family,premium,70,33,7,,,
0c1a43fe-9cb0-425a-a5ac-686f9f4e0ee7,service.fans,premium,70,33,7,,,
75e4f44c-9884-4180-9afa-d7a98688f278,service.farm,expiring,70,33,7,Dreamscape Networks International Pte Ltd,04/01/2016 23:37,04/01/2026 23:37
cb552a95-6bcb-45b9-9012-9f6847feff73,service.fashion,available,70,33,7,,,
07c17b02-fc81-4279-a93f-34a3849e47ed,service.fast,premium,70,33,7,,,
002cc5be-236e-40d4-9eb0-7fdc5fa1f9c0,service.film,premium,70,33,7,,,
d7b72f9e-e5a5-4666-9cf3-592e823de4e0,service.finance,premium,70,33,7,,,
49780c55-16a7-4b0b-a5d5-68df6a92797e,service.fish,available,70,33,7,,,
ce871864-883a-4241-b509-d9ccb15d86c0,service.fishing,premium,70,33,7,,,
50f76136-7fc3-4564-b1c4-75052e4b7ecb,service.fitness,resell,70,33,7,"Sav.com, LLC",25/01/2024 18:00,25/01/2026 18:00
e42928a9-d4b9-4469-a6af-4158bbc8d3b0,service.flights,premium,70,33,7,,,
77813bcd-e1f8-435e-94f8-face132ad720,service.florist,available,70,33,7,,,
ab55691a-872f-44e6-bf7a-fae32a400db2,service.flowers,available,70,33,7,,,
fdd973f9-a2ed-4910-82dc-a79d53e8f52f,service.foo,premium,70,33,7,,,
929c43e2-58f8-491e-b9e8-800f90365b05,service.food,premium,70,33,7,,,
5203454b-544f-4655-9c6c-f84eb43bbf16,service.football,available,70,33,7,,,
d3bc51a7-2852-44a7-868c-6be85796bebc,service.forsale,premium,70,33,7,,,
f45ef0e4-a542-48d0-ab83-18c9bd645865,service.forum,premium,70,33,7,,,
b4e15a9c-0bda-4a45-8364-e261b7254144,service.foundation,resell,70,33,7,Dynadot Inc,29/08/2025 19:46,29/08/2026 19:46
c00f78b3-5019-4af9-afc7-2ddfba29f9fa,service.fun,premium,70,33,7,,,
dc3d7881-ac55-4d38-9d63-440d2d45826e,service.fund,resell,70,33,7,"DNSPod, Inc.",06/11/2024 15:15,06/11/2026 15:15
127e5dff-ddf7-41a6-b2e1-b2ad8c10fc6b,service.furniture,premium,70,33,7,,,
a74878fd-a5c5-4879-85df-017915386b1c,service.futbol,available,70,33,7,,,
819069ad-7da9-47d2-b67b-f62cb6c83de9,service.fyi,expiring,70,33,7,Porkbun LLC,22/12/2024 01:54,22/12/2025 01:54
cb97da65-8602-4616-be17-fae1f5b56371,service.gallery,expiring,70,33,7,"GoDaddy.com, LLC",03/01/2020 14:49,03/01/2026 14:49
b535c346-a959-4a69-b162-08adb74a45fb,service.game,premium,70,33,7,,,
13f02a73-1414-4537-9140-9a4d6e77fc38,service.games,resell,70,33,7,"DNSPod, Inc.",15/03/2021 15:59,15/03/2026 15:59
35e71f49-2290-4057-8af2-4aa766f886ae,service.garden,premium,70,33,7,,,
9ff6b6bc-9d34-4737-86ff-b44638801b60,service.gay,premium,70,33,7,,,
ba4ee848-6b30-4c38-8d8e-05eb4bc5a134,service.gg,resell,70,33,7,"Spaceship, Inc (https://www.spaceship.com)",,
2193dd19-f52b-4280-946e-eea9953f24b5,service.gift,available,70,33,7,,,
75027a08-fda6-46f7-8b53-98a04fae959d,service.gifts,premium,70,33,7,,,
76a508d5-afbb-4ccd-9d0d-82e14adcd99a,service.gives,available,70,33,7,,,
0b0a38e0-3779-420b-80cd-ca64689c6888,service.giving,available,70,33,7,,,
d57c24a7-a593-4067-b4d0-778622c00d0a,service.glass,available,70,33,7,,,
b97d2d2d-0b4e-4704-bb34-340ae098ba80,internet.at,premium,64,88,8,,,
1e0441e5-e071-488a-9e4e-7a4d3094443d,internet.cloud,resell,64,88,8,Tucows Domains Inc.,12/02/2020 14:39,13/02/2026 14:24
5211447c-82a4-4517-8278-46ec1b539540,internet.co,resell,64,88,8,Dynadot Inc,24/02/2010 23:15,23/02/2027 23:59
55a4e8e1-04d0-4eb9-a77c-5bf8a82cb59c,internet.expert,resell,64,88,8,"Global Domains International, Inc. DBA DomainCostClub.com",15/07/2015 16:00,15/07/2026 16:00
96d454ec-75b2-4911-986e-7d36a195d535,internet.net,resell,64,88,8,MarkMonitor Inc.,27/06/1997 04:00,26/06/2026 04:00
59f115f4-38e9-421d-9c40-5c6b4a3278b5,internet.ninja,premium,64,88,8,,,
fb90e735-e760-47fe-a429-5e0c4c09ef93,internet.online,premium,64,88,8,,,
5301b4e6-8849-4e4e-9122-8c615282f54d,internet.site,premium,64,88,8,,,
6a5d61be-f4d4-484b-a9bd-c814cfb9d845,internet.so,resell,64,88,8,NameCheap,28/04/2011 00:00,28/04/2026 00:00
af4d7930-5dd6-4bd3-8bf9-5a5407378854,internet.space,premium,64,88,8,,,
f7e343f5-4d00-4d84-9306-47dc64a3ba7f,internet.store,premium,64,88,8,,,
52dae3b2-5728-450c-9b05-8d517a0fc1ac,internet.tech,premium,64,88,8,,,
2d03ddfe-7789-48ed-9ca6-86b4c0e5c846,internet.zone,resell,64,88,8,"Sav.com, LLC - 25",16/09/2024 15:15,16/09/2025 15:15
ed4a7bb6-e265-477d-9c4f-9b0c7fd761b9,voiceoverIP.at,sold,,76,13,DAY Investments GmbH ( https://nic.at/registrar/485 ),,
981de0a1-e7f2-46f2-8744-a3a607517e7f,voiceoverIP.dev,available,,76,13,,,
54852902-d4d5-4a1e-875f-269cf0301e26,voiceoverIP.expert,available,,76,13,,,
fe0113fd-7ccd-47cc-9396-cc9686bca1ab,voiceoverIP.gg,available,,76,13,,,
bc40eaa5-f679-4f92-a028-ddd809625006,voiceoverIP.io,available,,76,13,,,
db4bc273-bd48-4260-8610-20d8e60e02a2,voiceoverIP.me,premium,,76,13,,,
efad6013-1008-4b41-b31c-0f0cee7cc101,voiceoverIP.ninja,available,,76,13,,,
5c86f3fc-f03c-4a88-a427-599beffca528,voiceoverIP.online,available,,76,13,,,
1adfa22c-ffa4-4e11-82b8-e9ef7796df6f,voiceoverIP.pro,available,,76,13,,,
cd8e4b44-eb4d-41fb-9857-b74d5f09d9d3,voiceoverIP.site,available,,76,13,,,
bc903810-bb82-4bb3-9b28-39a2a10cc219,voiceoverIP.so,available,,76,13,,,
e0552a3b-2730-4eab-a7ce-eb6dc07c01b7,voiceoverIP.space,available,,76,13,,,
5ab2169f-63e6-4620-b49d-4db178c428f1,voiceoverIP.store,available,,76,13,,,
b744b415-c713-49ef-80c8-a34524331508,voiceoverIP.tech,available,,76,13,,,
fe1fefc0-943d-4c22-89a6-b20e8a536ca8,voiceoverIP.us,available,,76,13,,,
65b6ecfe-0d5e-4646-85b4-913419c9ae91,voiceoverIP.xyz,available,,76,13,,,
456c0442-8a06-489d-968f-8f87bcad865b,voiceoverIP.zone,available,,76,13,,,
b9f0897d-c8b7-4402-905d-26756cbfc01e,ISP.cloud,premium,62,88,3,,,
4c84ed63-0341-4713-93e1-8b338dcb5ed4,ISP.expert,premium,62,88,3,,,
d9967c8b-2bbe-4894-98a7-13150a835278,ISP.io,resell,62,88,3,"NameCheap, Inc.",16/06/2014 08:25,16/06/2026 08:25
f24c7fb8-7549-4e46-9a70-a1a7ed8339db,ISP.ninja,available,62,88,3,,,
45f63bbd-4ed1-4680-962f-e833e858905c,ISP.online,premium,62,88,3,,,
a86eb66a-6255-491c-92c2-911c7e9d6556,ISP.pro,premium,62,88,3,,,
355bf7cd-362a-49ef-a407-0a7fe6774b78,ISP.site,premium,62,88,3,,,
150e44a7-fb79-45df-8fc7-7681eafb9184,ISP.so,available,62,88,3,,,
24c008de-0632-4ebe-83d3-39fac3f5a414,ISP.space,premium,62,88,3,,,
7e85a0ac-ca34-42e2-82c3-7e9099de9fa8,ISP.store,premium,62,88,3,,,
d842ba95-47ad-4233-9eb7-16bcbfa8f9c7,ISP.tech,premium,62,88,3,,,
03139f81-7443-4155-a049-7645efc28edf,ISP.us,resell,62,88,3,Porkbun,24/04/2002 14:00,23/04/2026 23:59
52e19c0c-8258-4f04-9e5a-4088b26fbc96,leasedline.ai,available,34,16,11,,,
ba1a6f4f-3a40-4499-ad49-ffaf1a63751d,leasedline.app,available,34,16,11,,,
6e285ec1-1974-488c-9116-016e1ef14ff3,leasedline.at,available,34,16,11,,,
7da8db8a-7d17-4486-a909-712136af88bb,leasedline.cloud,available,34,16,11,,,
2ac9db29-6c6f-4880-afd3-109bd3569ded,leasedline.com,expiring,34,16,11,Squarespace Domains II LLC,25/07/1996 04:00,24/07/2025 04:00
5b9fb2a2-046b-4c1d-a447-23799438f71e,leasedline.dev,available,34,16,11,,,
11e10774-e702-441c-8d26-868d7e56b190,leasedline.expert,available,34,16,11,,,
61394d76-166d-484b-a4e8-72f64ad629f2,leasedline.gg,available,34,16,11,,,
c8a4381b-c42c-43fd-bafe-1f7432e08e9f,leasedline.me,available,34,16,11,,,
1b706f55-41e2-438d-8565-00d74d06925e,leasedline.ninja,available,34,16,11,,,
277c2286-f02a-49a6-acc0-b6a8a9c10d2c,leasedline.online,premium,34,16,11,,,
15dfa423-b732-43bc-80ec-e7347955ad34,leasedline.org,available,34,16,11,,,
8f45ff9d-1fee-4d58-b15f-69206df12501,leasedline.pro,available,34,16,11,,,
02ad8461-d121-4b38-b332-0fbdeecf2e4a,leasedline.site,available,34,16,11,,,
1314f036-b84b-4794-8afe-54001adbeab6,leasedline.so,available,34,16,11,,,
f9369f65-0f9e-490c-96b0-6728ddbda7b9,leasedline.space,available,34,16,11,,,
a3e9226f-195a-4289-9430-e46c030d1324,leasedline.store,available,34,16,11,,,
e09bf7f3-dc9b-4890-8d97-86dbefa6bee8,leasedline.tech,available,34,16,11,,,
5ba984f2-8569-4043-8554-a2db66762ed0,leasedline.us,available,34,16,11,,,
b68a25c7-296e-412f-bf1a-5b5fcbe51c4b,leasedline.xyz,available,34,16,11,,,
82b275b2-5891-4373-92ba-01f200eccb86,leasedline.zone,available,34,16,11,,,
ee6b7600-2766-4701-9306-77e05085d522,opticalfiber.ai,available,,20,13,,,
398e1e19-0ac3-4c6c-a9fd-e2a96a826abc,opticalfiber.app,available,,20,13,,,
328fda3b-51c3-4bf7-9e78-216cfa75f11a,opticalfiber.at,available,,20,13,,,
69e00d2f-7115-433a-97a4-bdde69efd2e0,opticalfiber.cloud,available,,20,13,,,
af70288a-7efa-4c7a-9150-5170716b8284,opticalfiber.dev,available,,20,13,,,
ef1c5e1f-bcc0-48e0-8b74-ee03cff293f8,opticalfiber.expert,available,,20,13,,,
b6406e1f-1f0f-4758-9c67-354079d29fb9,opticalfiber.gg,available,,20,13,,,
2965009f-54a7-4508-8c79-ef65ae13cc4b,opticalfiber.io,premium,,20,13,,,
1e680ed1-dbfc-4681-9ffd-a6d1fa5fdc26,opticalfiber.it,resell,,20,13,,24/02/2015 16:00,27/02/2026 00:00
ef0d7605-df8a-491d-b6a5-d48f5f43ccf3,opticalfiber.me,available,,20,13,,,
1debd28d-a7f3-416d-9d11-1f27c009e680,opticalfiber.ninja,available,,20,13,,,
d11e8f64-68d6-4974-9160-6969697446ef,opticalfiber.org,resell,,20,13,"Spaceship, Inc.",14/01/2025 21:56,14/01/2026 21:56
78319899-3f52-4d3a-94f1-92d583eb995c,opticalfiber.pro,available,,20,13,,,
449236e4-8e82-42ca-81dd-1077ccac0532,opticalfiber.site,available,,20,13,,,
3763c696-d9bc-4943-8465-1f688b471506,opticalfiber.so,available,,20,13,,,
74455f83-0928-49ff-a1a2-c3f6aa14da07,opticalfiber.space,available,,20,13,,,
fbba7df7-671a-4467-8c29-7d241d9c482a,opticalfiber.store,available,,20,13,,,
7543c775-f043-4cdb-9fe6-5b322e45c6a8,opticalfiber.tech,available,,20,13,,,
13188315-cf76-4870-948b-87ef33b51362,opticalfiber.us,available,,20,13,,,
c4b850bc-72c2-4e86-87b2-15dee03d8f11,opticalfiber.zone,available,,20,13,,,
6df21b24-59f3-45ac-b067-7717b094d9db,cableinter.net,available,,76,14,,,
7f4f6979-6978-4c02-8634-042fd3aca710,cableinternet.ai,available,,76,14,,,
98d8ca89-a637-4564-93d5-8a08e65139bd,cableinternet.app,available,,76,14,,,
3512e857-6fa9-4231-9eb7-d3da268ef0d7,cableinternet.at,available,,76,14,,,
d331f26c-a240-4b39-9560-78baffb26067,cableinternet.cloud,available,,76,14,,,
f80a49a7-cdfa-44c0-b69b-f3b06d7f129b,cableinternet.co,resell,,76,14,Dominet (HK) Limited,03/07/2025 03:34,03/07/2026 03:34
413b8ac9-8bfa-4b3b-89e2-31676c1f2089,cableinternet.com,resell,,76,14,"GoDaddy.com, LLC",05/12/1996 05:00,04/12/2025 05:00
8d9a4d7d-f62c-4df0-8b1c-f30ef3d22dcc,cableinternet.dev,available,,76,14,,,
e60983ec-f549-469d-b145-22b1c0db424f,cableinternet.expert,available,,76,14,,,
2b55c98b-6be7-4f64-8717-c4b2b5176efa,cableinternet.gg,available,,76,14,,,
464d918e-ac89-4ea4-8a59-b9ea2aef8dae,cableinternet.io,available,,76,14,,,
dfd505d5-21b0-487a-8690-5a2dde465987,cableinternet.me,available,,76,14,,,
bab60510-672a-4c57-b00a-d8dc5886f28c,cableinternet.ninja,available,,76,14,,,
ae2da703-13a8-4153-8f19-0dd0e91de56d,cableinternet.pro,available,,76,14,,,
9bf0f4d5-6d10-4bee-9101-d2004ff322dc,cableinternet.site,expired,,76,14,"Go Daddy, LLC",24/04/2024 22:20,24/04/2025 23:59
4158a45a-eed3-473d-b575-7f0b62e09842,cableinternet.so,available,,76,14,,,
cb9163aa-9b8b-4000-9844-e920024162bc,cableinternet.space,available,,76,14,,,
d6cd5616-75b3-45f7-83cf-6c739911e82a,cableinternet.zone,available,,76,14,,,
46b1e28c-0971-42de-b9b5-148a849170de,services.academy,resell,72,23,8,Dynadot Inc,06/07/2025 17:00,06/07/2026 17:00
d819149a-6c1b-41f2-a6f7-e1c6eb8d684a,services.accountant,premium,72,23,8,,,
3ded9c07-6a8f-4b3d-9e3c-6e914f8ab173,services.accountants,premium,72,23,8,,,
60f34592-b652-46d0-9859-b5e76bf0bfa3,services.actor,available,72,23,8,,,
ee606920-aec6-4d99-87d9-cdd6fdae5847,services.adult,premium,72,23,8,,,
74117298-dcdc-40c3-893c-3ec02479b739,services.ag,available,72,23,8,,,
37c77036-717d-4f84-8173-ec8fe7d9b22a,services.airforce,available,72,23,8,,,
a19bf9bf-695e-4376-9130-00c022eb5124,services.apartments,available,72,23,8,,,
b8f41b5c-bb74-4618-9098-d81ec0ae73a3,services.army,available,72,23,8,,,
2f5327ef-395b-41c6-a3a4-2bbe7da9de72,services.asia,resell,72,23,8,"GoDaddy.com, LLC",04/07/2008 07:05,04/07/2026 07:05
7896e28b-f33a-429d-9610-64c56f6242a9,services.associates,premium,72,23,8,,,
34062282-5b12-4094-ba82-018dedb958bc,services.at,premium,72,23,8,,,
fe11b160-51be-48bd-9dcb-4bfe7c312f93,services.attorney,premium,72,23,8,,,
1692432a-ebe7-48d0-8e55-bd324dc38f87,services.auction,premium,72,23,8,,,
5badaf19-5d49-4152-b099-30db1afb73c8,services.audio,premium,72,23,8,,,
a17cfe93-3dfa-4bc2-82b1-f845949cea43,services.auto,available,72,23,8,,,
4420efb6-947c-4f23-88a9-3ec910ec3f06,services.autos,premium,72,23,8,,,
cf4ca5a3-e062-4c8d-bebd-2537c20f3c6f,services.baby,premium,72,23,8,,,
f0505b83-995f-4a4f-bd4b-017c0a1d2e18,services.band,available,72,23,8,,,
877dc392-318e-40a8-9061-7c8ef8fc1b77,services.bar,premium,72,23,8,,,
69b05676-699c-4e68-9239-d28348d089c8,services.bargains,premium,72,23,8,,,
a8edda00-e6fd-4f4c-b644-ad2845ca84f9,services.bayern,available,72,23,8,,,
8fc60820-843c-4c9e-8775-c110351f70ca,services.beauty,premium,72,23,8,,,
6a64be33-85b7-498e-a5e6-7ee36b94981a,services.beer,available,72,23,8,,,
48e4e3cd-dcce-4e3f-8032-514218d9ef63,services.berlin,premium,72,23,8,,,
220c79d4-0141-4786-a3dd-6a8c0cb315e4,services.best,resell,72,23,8,"Sav.com, LLC",21/09/2025 13:30,21/09/2026 23:59
6765d38d-cf7d-4674-9a54-0f9902aa70f1,services.bid,premium,72,23,8,,,
bc00e10f-8cf9-47e3-9a84-c371e5905557,services.bike,available,72,23,8,,,
27b47b0d-6474-476e-9172-e40809a5cb55,services.bingo,available,72,23,8,,,
06d5177f-6d6a-4bbe-a633-2397187da33a,services.bio,resell,72,23,8,"Sav.com, LLC - 42",20/09/2025 15:15,20/09/2026 15:15
44b8733f-a84f-410b-8c06-a5ce2716518d,services.biz,expired,72,23,8,"Registry Services, LLC",30/09/2001 19:16,06/11/2025 23:59
d1c93acf-98c2-48ea-9e5d-601317a1dc6a,services.black,resell,72,23,8,"Xiamen ChinaSource Internet Service Co., Ltd",05/07/2025 15:15,05/07/2026 15:15
1d7d6cba-6ddd-4514-94a7-c1934feded62,services.blackfriday,available,72,23,8,,,
f8d0d261-e90a-4e02-9e11-369028085973,services.blog,premium,72,23,8,,,
dd074743-83ec-476c-8634-619a9699f9de,services.blue,resell,72,23,8,"Spaceship, Inc.",01/06/2024 17:00,01/06/2026 17:00
8214a618-b5b7-49ed-a83b-5b2500674406,services.boats,premium,72,23,8,,,
b5cfdead-848c-442f-ab86-0cca2ceb1522,services.boo,premium,72,23,8,,,
ddd34243-54c7-44d1-9962-5e33fdb64c61,services.boston,expired,72,23,8,"GoDaddy.com, LLC",24/10/2017 16:43,24/10/2025 16:43
bd61a896-2d2a-47b0-a11f-e9416b62d51c,services.bot,premium,72,23,8,,,
9e45132a-43af-4da9-add9-b5120b316234,services.build,premium,72,23,8,,,
6b42bf96-3564-4ef4-a48e-1a25d71d2613,services.builders,premium,72,23,8,,,
a2107a97-eb9b-48e6-b777-6b72c3ca3469,services.business,expiring,72,23,8,"GoDaddy.com, LLC",18/12/2024 23:16,18/12/2025 23:16
aa9284f8-76c9-44fa-8379-8cfaaca4f5c3,services.buzz,premium,72,23,8,,,
13ebdbe2-6fb9-4020-aca5-bd2db6ceda2c,services.cab,available,72,23,8,,,
5199d781-bd30-46b9-9300-cf49e7eaad61,services.cafe,expiring,72,23,8,"Chengdu West Dimension Digital Technology Co., Ltd.",09/12/2023 15:15,09/12/2025 15:15
9a3fb5eb-7681-4d76-9662-e9f04f8c3870,services.cam,sold,72,23,8,"Spaceship, Inc.",08/12/2024 23:27,08/12/2026 23:59
d269a984-a9a8-4dcf-b562-c47302f5f05e,services.camera,available,72,23,8,,,
4a897a8b-4ff8-49cf-8fea-7e3d51b82922,services.camp,available,72,23,8,,,
8fd3e30c-1a99-4bd3-8e31-0d203ee483e8,services.car,available,72,23,8,,,
f62fb451-e628-4dd8-b897-64180451902d,services.cards,premium,72,23,8,,,
5c0c3c2f-f39a-4256-8655-0d85b8fd4979,services.care,premium,72,23,8,,,
53284fa6-86a9-43d2-bfef-f74b557c6ec2,services.careers,premium,72,23,8,,,
4c8ebeec-bec8-4590-9d42-9bfe43727bbc,services.cars,available,72,23,8,,,
5960fdb7-d9e5-480e-beb6-432bbb34baba,services.casino,available,72,23,8,,,
0b6b2afc-5638-4da5-b87d-31a430f626d7,services.catering,premium,72,23,8,,,
a78ce308-6480-4b15-9a49-54a8c1e8cd2b,services.ceo,expiring,72,23,8,OVH,06/01/2024 06:11,06/01/2026 23:59
ef4e2858-2c96-4c60-a9b0-13462ccc1155,services.cfd,premium,72,23,8,,,
fa8921ef-cce0-488e-bcd2-7db8803ba0c8,services.charity,available,72,23,8,,,
2cbb1ee0-dcff-49a4-a5ca-64405b5aaa15,services.chat,resell,72,23,8,Dynadot Inc,19/06/2025 08:12,19/06/2026 08:12
02c25b86-c55f-4adf-b5b2-bfa75c27070f,services.cheap,premium,72,23,8,,,
46917261-55b9-463d-b60a-ce0f98aac75d,services.christmas,premium,72,23,8,,,
242dbc3b-76e8-49ea-9d4b-d32a7950331c,services.claims,available,72,23,8,,,
91cc1b37-758e-40a5-85e9-686deccc3ffd,services.click,expired,72,23,8,NAMECHEAP,27/10/2023 02:38,27/10/2025 02:38
44ab0c67-60c3-4d75-95c9-6f129994d699,services.clothing,available,72,23,8,,,
4a85e913-c8a6-4708-90dc-f736d27e9a21,services.cloud,premium,72,23,8,,,
307dab41-8efa-44f7-ac41-8a1b513042f7,services.club,resell,72,23,8,"Spaceship, Inc.",18/12/2023 00:00,18/12/2026 00:00
022913c9-7fd9-4de1-be91-1ca8236fa9bd,services.co,resell,72,23,8,Hello Internet Corp.,25/02/2010 00:55,24/02/2026 23:59
b5233991-8aca-4501-98dd-e1141db44430,services.coach,resell,72,23,8,"GoDaddy.com, LLC",26/01/2019 12:13,26/01/2026 12:13
702f8f5c-9504-4fc9-871f-ba4096f7da29,services.codes,expiring,72,23,8,OVH SAS,06/01/2024 06:11,06/01/2026 06:11
c202cbc5-2c9e-4c91-b9db-ab07ebbfd1c0,services.college,premium,72,23,8,,,
0f38b784-3c95-42dd-b99f-2d99b915fce8,services.computer,premium,72,23,8,,,
d478bc00-1a3f-4738-92ad-f9f6357c0d50,services.construction,resell,72,23,8,"Sav.com, LLC",31/07/2025 21:56,31/07/2026 21:56
dcf319ea-ffd9-4c1b-8d5b-793c339ae347,services.consulting,premium,72,23,8,,,
2ad8f918-932e-430e-92bc-ea49277be336,services.cooking,available,72,23,8,,,
36dbf677-8b86-4a14-afb2-f2917a8741ff,services.cool,expiring,72,23,8,"GoDaddy.com, LLC",14/01/2019 17:19,14/01/2026 17:19
e66d985f-4550-4b9e-a670-26480153a393,services.country,available,72,23,8,,,
d786c6a1-4d9d-4fe8-9a22-3ddee4718b38,services.courses,premium,72,23,8,,,
803cc480-0cb9-4257-b3e7-740680ddd80d,services.credit,available,72,23,8,,,
53c0ecf8-4b30-4c55-a5d7-3d91351834d2,services.cricket,premium,72,23,8,,,
cda24125-fb69-45f9-bac2-fd730b97db64,services.cruises,available,72,23,8,,,
a762922e-225d-4148-bc49-aa0e9d237cd9,services.cx,resell,72,23,8,West263 International Limited,04/06/2025 00:00,04/06/2026 15:50
83ccd5ef-0c7e-4b28-bae3-30e26aa4fa2d,services.cyou,resell,72,23,8,Dynadot LLC,14/07/2025 13:05,14/07/2026 23:59
e1ea9d6b-8599-4c76-8400-413c0127d7d4,services.dad,premium,72,23,8,,,
f31be3c8-32df-40c3-8457-d60dfe952df7,services.dance,available,72,23,8,,,
b021995a-e9f7-4105-a448-d0e3ac61fe1b,services.date,premium,72,23,8,,,
a288d94d-f3c9-4f46-a1fb-a596b44fbb24,services.dating,premium,72,23,8,,,
ba841d96-f6f4-46df-aaff-c92f289dd5ab,services.day,premium,72,23,8,,,
b47c3188-3ceb-43a0-a294-4ee6f8942104,services.deal,premium,72,23,8,,,
6f610135-2cb3-4b6d-bccb-340ba55cf2ed,services.dealer,premium,72,23,8,,,
8fb9b078-be2f-4b67-92cd-41d94b4fa47d,services.deals,premium,72,23,8,,,
daaf7b18-4873-4e34-b8bd-1e5bba5f9708,services.degree,premium,72,23,8,,,
076f1f45-02bf-46c3-8a8f-84a694fb6e75,services.democrat,available,72,23,8,,,
fb8a4f3b-a92c-40b7-8c2b-3e5c478e2d7a,services.dentist,premium,72,23,8,,,
023ae0a2-dbc9-44c4-9811-b435b2b012f2,services.diamonds,available,72,23,8,,,
b8013e1d-254a-4e22-97a8-5ac556f1a5d8,services.diet,available,72,23,8,,,
afb9f77c-bd03-4d59-a2be-12b225f260df,services.digital,resell,72,23,8,"NameCheap, Inc.",13/09/2025 15:15,13/09/2026 15:15
84728526-805a-4fde-b559-46ee68c2bf3f,services.directory,sold,72,23,8,"NameSilo, LLC",12/12/2020 10:39,12/12/2026 10:39
084375db-02b0-48ec-95a5-e260efc53e71,services.discount,premium,72,23,8,,,
f80acfb1-04a5-43e2-85b4-602e7b02c5ae,services.diy,premium,72,23,8,,,
625db559-fdf7-4f58-b8fc-df3a5440e441,services.doctor,resell,72,23,8,"Spaceship, Inc.",04/10/2025 16:26,04/10/2026 16:26
9774d6f3-8edd-4818-9054-a132ae6ac078,services.dog,premium,72,23,8,,,
3b7b65cb-d1fe-40ad-884d-51c3aa954a90,services.download,premium,72,23,8,,,
6660bfc6-9250-498e-a85b-c4f80c9c349c,services.earth,expiring,72,23,8,"GoDaddy.com, LLC",10/01/2020 17:40,10/01/2026 17:40
62e34d52-33a6-4e92-b45b-5619f25c4885,services.email,premium,72,23,8,,,
87db70f7-ecd3-45e0-b2f7-03cc7297730b,services.engineer,available,72,23,8,,,
486696ad-c186-471c-9f53-9e877fd94c40,services.engineering,available,72,23,8,,,
44d7b8cc-c2d3-46b9-a477-c993e5b6b7ad,services.enterprises,available,72,23,8,,,
0d50a2b6-ced6-456d-915b-fe254a5b1639,services.equipment,premium,72,23,8,,,
6796b265-941c-47a9-b08c-3c8fc6e0d8d4,services.esq,premium,72,23,8,,,
5e6a644b-07fd-4150-8377-265bc94ce68f,services.expert,resell,72,23,8,"Sav.com, LLC - 31",03/12/2025 15:15,03/12/2026 15:15
b915f569-f464-4e67-9bac-5827fd02050e,services.exposed,premium,72,23,8,,,
a0708324-e6b3-46dc-a52c-3bef759d7cfb,services.express,resell,72,23,8,"Sav.com, LLC - 34",06/08/2025 15:16,06/08/2026 15:16
6a39c9e1-e353-4df1-8d60-e1e5a169fc13,services.faith,premium,72,23,8,,,
f99c0de5-745d-4ea7-baa2-629dcb0cd19e,services.family,premium,72,23,8,,,
90fbae58-15d2-4a45-9f52-d5cd62107466,services.fan,premium,72,23,8,,,
f3a550b0-fc46-478a-8a28-cbbcb73b6f73,services.fans,premium,72,23,8,,,
f620e0fe-7918-468b-8277-c3db0d4db17b,services.fashion,premium,72,23,8,,,
5642176c-db70-4719-93bf-d4618c11644d,services.fast,premium,72,23,8,,,
4fb8f739-3c33-445b-a77e-50da931b8f82,services.film,premium,72,23,8,,,
528006d2-97ce-4e29-aff0-18f47b1af431,services.finance,premium,72,23,8,,,
3ec06b62-2716-466b-baba-e8e1f7476016,services.financial,premium,72,23,8,,,
0a32afe6-6cc9-45af-a0f6-af530fe648b6,services.fish,premium,72,23,8,,,
464f800e-e59e-42b0-88bc-81440d4ce654,services.fishing,available,72,23,8,,,
766f256d-2486-4bee-b192-42f3bf6821b4,services.fit,premium,72,23,8,,,
3448667e-0bb7-41d9-97e9-a8d93f1f02e8,services.fitness,premium,72,23,8,,,
0aef71fd-fc18-481b-9c7d-c348b33966df,services.flights,premium,72,23,8,,,
78d9bdeb-fe2b-4531-8961-3aeba0763622,services.florist,available,72,23,8,,,
2c78c724-db1e-4d6f-b96d-72d5c8a43438,services.flowers,premium,72,23,8,,,
348e403d-051c-4538-ada0-9a601c96d491,services.foo,premium,72,23,8,,,
cd66ba08-f273-4be8-b972-4f0d8eda234b,services.food,premium,72,23,8,,,
6cf03c56-b355-4b01-8f0f-f47a5a39c9c0,services.football,available,72,23,8,,,
509cbad3-a349-43fb-9973-b0b7f15703bb,services.forum,premium,72,23,8,,,
c0f204e7-12d1-4b45-adfb-83bc2a098bb7,services.foundation,premium,72,23,8,,,
80f4e3d9-e578-4327-9f85-25b3d7f87f2e,services.free,premium,72,23,8,,,
70211880-3d84-4edb-82b7-4b53904210d5,services.fun,premium,72,23,8,,,
897669fa-8916-4bad-97ce-2a0db857bd98,services.fund,premium,72,23,8,,,
6427384d-2c7c-4061-a1f2-caabd466614b,services.furniture,available,72,23,8,,,
60d7b5ff-1318-4c73-8aca-7d7b322b73f2,services.futbol,available,72,23,8,,,
a825848a-9f53-493c-96e2-fd22c1a0b4b6,services.fyi,expiring,72,23,8,Porkbun LLC,21/12/2024 18:47,21/12/2025 18:47
1d2f68c3-b0ad-4569-9fb0-5ca21cc99b9d,services.game,premium,72,23,8,,,
e793c50f-e950-420e-8ef1-e9597999770f,services.games,resell,72,23,8,"DNSPod, Inc.",07/10/2023 15:15,07/10/2026 15:15
656168ea-687c-4354-9b72-5b2b7b08a2fe,services.garden,premium,72,23,8,,,
4126d0eb-9ae5-46c5-9576-d1e080b6749c,services.gay,available,72,23,8,,,
6d794ed3-0a19-4037-ab21-bb3dbfc39082,services.gift,available,72,23,8,,,
52275e86-57d5-48a9-ba5a-08f031d0ba3f,services.gifts,premium,72,23,8,,,
291efc8b-97c0-4622-b1a8-37a7ff535b06,services.gives,available,72,23,8,,,
88141780-3b7d-48ee-9cbf-043f538712f3,services.giving,available,72,23,8,,,
6a12ec40-99ed-443d-8d07-2faf46fc64d4,services.glass,available,72,23,8,,,
55571bd7-8035-49af-8ec3-07b52d4adf03,services.global,premium,72,23,8,,,
5a71ccd9-b2bf-4b5c-a71f-de0ab9c82e25,services.gold,premium,72,23,8,,,
1d8419d2-cafd-4919-8999-1cd2c775d2dc,services.graphics,premium,72,23,8,,,
02dc0cbb-7e94-41bc-872f-59a6e2617c13,services.gratis,premium,72,23,8,,,
c569e2e3-0581-47a8-b3e7-bcebe450ae15,services.gripe,premium,72,23,8,,,
fefa99b6-790f-4711-a499-e4e2dca8c5cd,services.guitars,available,72,23,8,,,
10d815f2-7ea8-4536-9d15-108cdc09aeee,services.guru,premium,72,23,8,,,
74181abd-d3f1-469b-8e17-3e78f927c5dd,services.hair,premium,72,23,8,,,
97814e16-5357-4ab9-8e7f-4b400cb831a1,services.haus,expired,72,23,8,"NameSilo, LLC",14/11/2024 19:57,14/11/2025 19:57
6c2e4058-2786-420f-8b5d-be766996642c,services.health,premium,72,23,8,,,
2db969b6-06f2-442d-b2c3-26e2b67a943f,services.hiphop,premium,72,23,8,,,
6d205cff-27bf-4d26-8bc8-a15ef646d3d5,services.hiv,premium,72,23,8,,,
f8ac5cf1-272d-486e-ae23-6c3f644b4c8b,services.hockey,available,72,23,8,,,
85a233f2-e141-4205-a6fa-56838d63f6a6,services.holdings,premium,72,23,8,,,
147d05a8-9d18-4567-b4f9-6f051fcfed5a,services.holiday,premium,72,23,8,,,
180c7bc0-0ce1-458a-bf43-ee8a95ac1fa1,services.homes,premium,72,23,8,,,
623fa720-54b9-4009-9acf-cb940c4d9e6b,services.horse,premium,72,23,8,,,
5dfac10a-b617-4cda-adc5-24b7893fba88,services.hospital,available,72,23,8,,,
a0d461cb-f74c-4290-a640-f6a7f9bad478,services.host,premium,72,23,8,,,
8d57a187-113e-4772-8734-fbfa2ffa1af0,services.hosting,available,72,23,8,,,
073483ff-a822-4616-b362-b2fa9fbba21d,services.hot,premium,72,23,8,,,
13f49478-b7bf-4066-9587-b69151ff3a29,services.house,resell,72,23,8,Virtualia LLC,17/05/2024 15:15,17/05/2026 15:15
6d3355e4-c520-41c1-8a06-b01133a27d5c,services.icu,premium,72,23,8,,,
e051394c-a27a-4a70-a0cb-9a1acde9fd1b,services.id,resell,72,23,8,PT Registrasi Nama Domain,16/05/2018 04:57,16/05/2026 23:59
38b09af8-259f-4925-8cbf-ca61874d548d,services.im,premium,72,23,8,,,
fd1238da-806b-4f00-bbde-76d82f0080f1,services.immobilien,available,72,23,8,,,
74b879ff-d989-4dd6-9e9b-c44c10a82031,services.industries,premium,72,23,8,,,
b1d1dd1b-d6d7-4f09-a7b8-25e4a71d1073,services.info,resell,72,23,8,Dot Holding Inc.,17/10/2022 13:15,17/10/2026 13:15
4260fddb-d534-41e6-9243-8bb4cb730165,services.ing,premium,72,23,8,,,
1c93a90c-cc19-430c-a65d-2e6ad4a29be9,services.ink,resell,72,23,8,"DNSPod, Inc.",07/01/2024 00:00,07/01/2027 00:00
9a485503-2175-4358-9b78-e628b4f2837e,services.institute,premium,72,23,8,,,
0d28480d-e348-47df-bcaf-3327d94e375e,services.international,resell,72,23,8,"Spaceship, Inc.",11/05/2023 15:15,11/05/2026 15:15
3689db0d-539f-4cac-b215-f8bfa9096830,services.investments,premium,72,23,8,,,
00503ed5-97fb-4898-85a4-6aeeb541d1c0,services.irish,available,72,23,8,,,
11331918-d1ff-4482-aa23-e144ad36cec7,services.it,expired,72,23,8,,04/01/2002 00:00,12/12/2025 00:00
c5b31b7b-d1d0-4085-ab03-0f1022ed6154,services.jetzt,available,72,23,8,,,
6f8b1ba9-a486-4715-a582-39acf5f7a291,services.jewelry,available,72,23,8,,,
ede19cc5-9786-495b-bc4c-285e6bd2f5b4,services.juegos,available,72,23,8,,,
5a87d6b9-2592-4cf2-b218-bc5ee21d26a1,services.kaufen,available,72,23,8,,,
676ac680-f08f-434b-a1da-bf6258255754,services.kids,available,72,23,8,,,
f45f3df4-e862-4f96-8982-4d4881bf6d39,services.kim,premium,72,23,8,,,
b88434d8-0ab0-43a9-826b-069a93f7a077,services.kitchen,resell,72,23,8,"GoDaddy.com, LLC",24/02/2014 02:00,24/02/2026 02:00
107b7dc3-82e7-4a2c-b2eb-db69ee758289,services.la,resell,72,23,8,LA Domain Names,05/06/2023 08:45,05/06/2026 23:59
920dfcf2-02c9-4840-8c9a-8439b946d724,services.land,expiring,72,23,8,"NameSilo, LLC",03/01/2023 00:03,03/01/2026 00:03
a275ff99-d161-46e8-b8ed-8664f37ebff6,services.lawyer,premium,72,23,8,,,
cb3becda-87f4-456b-86cc-f3da48a74d34,services.lease,premium,72,23,8,,,
c17b2342-7b5c-4f76-aaec-e32f06b20bf4,services.legal,premium,72,23,8,,,
a0e14090-2cae-43e9-adaf-48fc24049457,services.lgbt,premium,72,23,8,,,
553fdc4d-8423-49ac-aa18-bb6ff0024910,services.life,resell,72,23,8,"DNSPod, Inc.",10/07/2024 15:15,10/07/2026 15:15
6e79a7c6-e2fe-4a49-9977-c338bdff2fa0,services.lifestyle,premium,72,23,8,,,
c0db8bae-6053-4932-b519-c1fb5e263fbc,services.limited,premium,72,23,8,,,
1df33447-5ac6-4c34-8ca2-da83577f3da2,services.link,premium,72,23,8,,,
f0352005-1d0c-4024-82e0-8a89d7ab40de,services.living,premium,72,23,8,,,
0798c981-2bad-4118-802e-d94af72a10f5,services.loan,premium,72,23,8,,,
113baf98-da9b-4ab0-b214-87222f8cbbbf,services.loans,available,72,23,8,,,
00c0cdbb-1087-4b6c-a1f1-dee512d3254b,services.locker,premium,72,23,8,,,
ac2cdb38-5d6b-43eb-a4dd-6fe3a5b9be69,services.love,premium,72,23,8,,,
7bf5b73f-865d-4f99-a91a-0cbac0996ed0,services.ltda,premium,72,23,8,,,
73caeb57-dfd7-487b-b572-cd5281c93647,services.luxe,resell,72,23,8,Porkbun,21/07/2021 20:03,21/07/2026 20:03
3c671cb1-cbab-44f3-a786-a1e38f51f3cc,services.luxury,premium,72,23,8,,,
0a0f55a7-079a-4041-8ca4-c2e2e3bb8468,services.makeup,premium,72,23,8,,,
64b64e7d-23e7-4e16-843c-73fde085fd0b,services.marketing,resell,72,23,8,Dynadot Inc,16/07/2025 17:00,16/07/2026 17:00
832c8112-2d67-463c-8aeb-329c70f83edb,services.mba,available,72,23,8,,,
8f272952-a3ed-4bed-9c94-95e5fa826841,services.me,resell,72,23,8,"GoDaddy.com, LLC",29/04/2008 18:02,29/04/2026 18:02
4b975c84-7418-4894-abb2-55e685a36833,services.melbourne,premium,72,23,8,,,
91ebcbb7-14b5-45b6-a6cd-7853258df354,services.meme,premium,72,23,8,,,
2df721bc-cca6-4715-b344-e0c7c3bbe713,services.memorial,available,72,23,8,,,
b000c665-cdd2-4b60-968b-42f7698dbc63,services.men,resell,72,23,8,"Spaceship, Inc.",01/03/2016 13:39,01/03/2026 13:39
702134f0-f25e-4bb0-9cfd-a278d747770b,services.menu,premium,72,23,8,,,
c0d91979-e30f-4503-b71e-ee5a986f6d87,services.miami,expiring,72,23,8,"GoDaddy.com, LLC",27/12/2021 21:29,27/12/2025 21:29
c4cdf736-cadb-4695-af19-99e23f7717e4,services.mobi,premium,72,23,8,,,
dffd3aaf-9194-42f4-ab0e-5760c35cdf21,services.moda,available,72,23,8,,,
315aaa55-e445-486c-a4ae-c207476ce3da,services.moe,premium,72,23,8,,,
a94e7122-5494-46b0-bfb6-8249e8fbac68,services.mom,premium,72,23,8,,,
b8902549-9cbe-4f1d-a621-8c42bac20b92,services.money,resell,72,23,8,"Spaceship, Inc.",07/07/2023 13:12,07/07/2026 13:12
7c42aa9c-5136-4581-84f0-0f5d491c2068,services.monster,premium,72,23,8,,,
ff9f924e-5b93-499e-8916-e5459e91b5e7,services.mortgage,premium,72,23,8,,,
3ee35e1f-b6cb-460d-aa36-dcadacb20778,services.motorcycles,premium,72,23,8,,,
e1177925-9515-46a9-ad5f-f811618fff23,services.mov,premium,72,23,8,,,
564e4a4c-33c5-468a-a0ec-30acb5c1f1ba,services.movie,available,72,23,8,,,
1f5286f7-19b8-44c7-9044-065dbec8051c,services.music,premium,72,23,8,,,
9c4cc991-f6b2-461e-8e60-01de1500f808,services.mx,available,72,23,8,,,
e47f767d-86d1-4102-8bde-9df0f2fa4a9d,services.network,premium,72,23,8,,,
85ff33f1-2880-4cd6-812f-d7dc27a68e4e,services.news,premium,72,23,8,,,
066eb3e6-58fe-4def-80c9-651875331a8f,services.ngo,premium,72,23,8,,,
8dfd08f6-01a4-49b0-a538-9c37e36a6b52,services.now,premium,72,23,8,,,
0fd76ce1-32db-4015-8d52-37e9547164cc,services.nyc,premium,72,23,8,,,
dcc04c94-be27-4fa5-8ec9-11b3f5ebfdf2,services.observer,premium,72,23,8,,,
c592b4c2-c56b-45e1-aea9-9d458c9fd96b,services.one,premium,72,23,8,,,
b9ed2654-c831-4c17-b431-f5b236201377,services.ong,premium,72,23,8,,,
2337ea68-b69d-4e1b-b102-43ee32f468ad,services.onl,sold,72,23,8,Dynadot Inc,15/12/2025 01:26,15/12/2026 01:26
3fe05864-07d9-4f83-b2b0-b45f83646628,services.online,premium,72,23,8,,,
57e1ac15-8ea5-47a9-ad68-3d502066d134,services.organic,available,72,23,8,,,
56ea035c-f93f-43f4-a89d-0658ca84b2c6,services.osaka,premium,72,23,8,,,
b27d4922-97f1-40fb-9f27-d343bfb9782f,services.page,premium,72,23,8,,,
e1047b86-0159-4a4c-a947-7ca86bb2f0af,services.partners,premium,72,23,8,,,
3d17df7b-ec89-4d3e-b3ef-663d7a4bd38c,services.parts,premium,72,23,8,,,
fd0ad9e6-7ad5-4ef6-b110-0066b42be416,services.party,premium,72,23,8,,,
c6e90f45-66a0-456a-89ad-0116222905a6,services.pet,premium,72,23,8,,,
c0b5699b-6e3f-46a5-b3a7-3696048ec625,services.phd,premium,72,23,8,,,
5748155e-9edb-49be-b181-deba28ced7bb,services.photo,premium,72,23,8,,,
42dcc9a3-fa5f-43ed-a4a6-9227adfb9813,services.photos,available,72,23,8,,,
a270f3c7-2b70-484c-b0bf-ed4e665be4a1,services.pictures,available,72,23,8,,,
00670fbb-9f2b-49d0-8976-ea4aa9658d65,services.pizza,premium,72,23,8,,,
c19d2ed8-eb1a-4a1d-a4fe-9bf38b459eef,services.place,premium,72,23,8,,,
7df433a0-23ce-477c-8f7c-d8f3cec81913,services.plumbing,premium,72,23,8,,,
927ded9d-cd53-4594-86e3-8265130359f2,services.poker,available,72,23,8,,,
9f4bfdeb-be04-4cb1-a904-40e0d021b2a7,services.porn,premium,72,23,8,,,
25ec1de9-c983-43f0-abb5-3e3daebc57b9,services.press,premium,72,23,8,,,
38fb37d8-91f2-4615-8f0f-2d0adaf4c63a,services.productions,premium,72,23,8,,,
48ddce31-1f47-40cb-a8ee-8206b42fd651,services.prof,premium,72,23,8,,,
bcdf22c4-454b-45e6-83a4-de65ec497623,services.promo,premium,72,23,8,,,
41fb0b34-1127-4e81-9dd2-5208ce5b47a8,services.properties,available,72,23,8,,,
3caaf038-3505-4b91-8a1b-e0829ac496b0,services.property,premium,72,23,8,,,
708616ec-2593-42a1-a59e-84f536f42316,services.protection,available,72,23,8,,,
a2d1a04b-429f-4e7b-ae24-896385aec29d,services.pub,resell,72,23,8,"DNSPod, Inc.",20/01/2020 16:30,20/01/2026 16:30
7559422d-9d31-478c-8d53-79fc50f6e956,services.pw,resell,72,23,8,"CHENGDU WEST DIMENSION DIGITAL TECHNOLOGY CO., LTD.",26/09/2021 08:18,26/09/2026 23:59
5eca5da3-c5f6-4cfd-8005-fda22468779c,services.qpon,available,72,23,8,,,
c92d5bbd-706c-4a62-a931-4a4358895a80,services.quest,premium,72,23,8,,,
42c90aa4-d323-4f1f-94a4-884926036dcc,services.racing,premium,72,23,8,,,
a4422535-0dc3-4c99-ab67-d299e74692b2,services.realty,premium,72,23,8,,,
e0ac2879-4e1a-43f8-87d9-4494fe06f33d,services.recipes,available,72,23,8,,,
06e61fd0-7b08-49f0-8cd0-6b4cefb50cfa,services.rehab,premium,72,23,8,,,
4719e970-899b-41e4-8458-1203663440da,services.reise,premium,72,23,8,,,
ce0d4a5e-8ee8-460a-8f96-4f75bba0655e,services.reisen,premium,72,23,8,,,
51a962ae-d866-45bb-9331-87f3f41ee016,services.rent,resell,72,23,8,Namecheap,24/03/2025 18:40,24/03/2026 23:59
fc993a05-7dbe-48e6-a0ec-fb4bbd091052,services.rentals,premium,72,23,8,,,
f3ab9a43-3d16-4188-90c2-fc85a3aa611c,services.report,premium,72,23,8,,,
c322758f-424a-4880-9efd-a21ab0e94120,services.republican,available,72,23,8,,,
01082959-7a74-4956-a2f0-68508da0640c,services.rest,premium,72,23,8,,,
fe12f30f-1e5e-47ce-a74d-184504ff6cf6,services.restaurant,available,72,23,8,,,
a4f45f20-c287-457b-b4f7-adb66b5f434e,services.review,premium,72,23,8,,,
f3e7fc0d-1c4e-4c5a-a2da-a97bc5caba31,services.reviews,premium,72,23,8,,,
e5ec8de9-f95e-4476-a7ba-b4a9f1f0fd3a,services.rich,available,72,23,8,,,
16e34d7b-2be7-49bc-8963-193a8ea60257,services.rip,available,72,23,8,,,
b4410301-089f-4f3c-b296-a718479518b6,services.rodeo,premium,72,23,8,,,
80fa8e6a-f558-421d-bae0-aaa75d30fa30,services.rsvp,premium,72,23,8,,,
f9da8f11-32af-4ee0-a67d-c56aa7613a91,services.run,resell,72,23,8,"DNSPod, Inc.",06/11/2019 09:12,06/11/2026 09:12
15ecaa1b-8000-43ec-bcad-e5ca80da1dc2,services.sale,premium,72,23,8,,,
895f4d85-b316-4256-8a57-96064300f7c0,services.salon,available,72,23,8,,,
1f6c2a99-260f-41ff-80a8-958fb429b2d2,services.sarl,available,72,23,8,,,
eadfcbb1-4e1a-42de-aa5a-addf771e0374,services.sbs,premium,72,23,8,,,
b983b2dc-099a-48fd-ab5f-a2b168a574cc,services.school,expiring,72,23,8,"GoDaddy.com, LLC",04/01/2021 18:31,04/01/2026 18:31
b773f469-10b1-4ff7-a47d-ff944378f42f,services.science,premium,72,23,8,,,
87ed6a2c-6b63-4bec-8201-c8b951574004,services.security,available,72,23,8,,,
c7cc118d-b4bc-4dc5-8f89-4a29db5754ca,services.sexy,available,72,23,8,,,
b111f7e1-1dd5-40b7-94b6-5c0c987288bd,services.shiksha,available,72,23,8,,,
5cdc9e0c-65b1-4dee-9f65-c466aee28830,services.shoes,premium,72,23,8,,,
dbbaee39-7422-4ccc-ab52-8c2614a0e328,services.shopping,premium,72,23,8,,,
c57a9b9b-c77e-4f63-972f-2f79df75c6aa,services.show,resell,72,23,8,"DNSPod, Inc.",10/06/2020 22:08,10/06/2026 22:08
1c48e4c2-d88d-40c4-b348-7fafab7c87d9,services.singles,available,72,23,8,,,
8b854c9a-c05e-4fc6-b080-761d5753cf41,services.site,premium,72,23,8,,,
4d63f3af-9edc-4dd0-89d1-6f4c7674e928,services.ski,premium,72,23,8,,,
15af7f26-1a6f-40f9-9903-de9a040e37b1,services.skin,premium,72,23,8,,,
3655d10e-5fcc-4a13-b5c3-60a65e8cca1a,services.soccer,available,72,23,8,,,
2b167ffc-3656-4145-ad6e-e9443a12bba4,services.software,premium,72,23,8,,,
a68de3b9-cf51-4e3e-96a8-e1a32f89cdc7,services.solar,resell,72,23,8,"Sav.com, LLC - 15",13/08/2025 15:15,13/08/2026 15:15
7e7ad1e7-4b7e-4507-a7c8-be4af5ad51a6,services.solutions,resell,72,23,8,"Spaceship, Inc.",10/05/2021 08:13,10/05/2026 08:13
c2ee0eec-91de-4883-80a3-60efd8ee5c68,services.soy,premium,72,23,8,,,
cc2b561f-1640-4620-b0ae-c235e5079085,services.space,premium,72,23,8,,,
a0a5ab1b-100c-4b4e-a327-33525c519862,services.spot,premium,72,23,8,,,
67621e8e-0fd4-4f38-9287-9bba31c14ae1,services.srl,available,72,23,8,,,
41e04ec8-5570-4c23-b7d0-d44c047351c0,services.storage,available,72,23,8,,,
224a0751-cdda-4221-a952-af441532c412,services.store,premium,72,23,8,,,
d908f22d-4233-4e6c-88fc-80ad118644fa,services.stream,premium,72,23,8,,,
c8472c42-9fed-4516-a32c-a370ddc9050b,services.study,premium,72,23,8,,,
c2ee3fa2-c611-4025-aaf9-8c2f499e9e38,services.style,premium,72,23,8,,,
fdd41f95-8409-472b-89f1-4071cddb9dbd,services.sucks,available,72,23,8,,,
eb2a0cb3-9f52-482a-a56e-d22fcbe0d052,services.supplies,premium,72,23,8,,,
a2fe8108-c1fa-4d4c-9d83-d9aae09de8e5,services.surf,premium,72,23,8,,,
e7a66cc9-3976-42fb-a1f8-42077355bc82,services.surgery,premium,72,23,8,,,
338ef27c-f638-4a58-b02b-85343863c6e6,services.sydney,premium,72,23,8,,,
11ea52fd-1caa-4007-9095-6d7140883e71,services.talk,premium,72,23,8,,,
5f150819-7072-4ba5-9893-f6f605bd3b9a,services.tattoo,available,72,23,8,,,
eee6b5a8-fa2f-412c-821f-103a459e617b,services.tax,resell,72,23,8,"DNSPod, Inc.",18/10/2021 13:15,18/10/2026 13:15
82565682-d00e-4c5d-9d30-73f6a1b056af,services.taxi,available,72,23,8,,,
e75868ea-a536-435c-a269-be3e87321d88,services.tech,premium,72,23,8,,,
171efff4-d0f4-4b79-b3a0-351a11c79e61,services.tel,resell,72,23,8,"Name.com, Inc.",25/05/2014 18:30,24/05/2026 23:59
6f962451-cce8-4072-893f-8d2fd02599f1,services.tennis,available,72,23,8,,,
d78b837f-b665-4a02-be3a-0c25b33399df,services.theater,available,72,23,8,,,
82ed544e-aafa-47d3-b76e-369839c9d6da,services.theatre,available,72,23,8,,,
2d77d6c0-af18-4965-9cec-31193e4f3ccf,services.tickets,available,72,23,8,,,
3a7a9655-f568-4964-86e4-b4a97055a3e1,services.tienda,available,72,23,8,,,
c2ca9e56-7ffe-4722-827a-4c7914657493,services.tips,premium,72,23,8,,,
bf8bc984-7029-4f0d-97cb-a18e33b9e006,services.tires,available,72,23,8,,,
983033d9-5fa1-49a5-8b4e-06b6540d1773,services.to,resell,72,23,8,NAMECHEAP,07/07/2023 02:27,01/08/2026 00:00
91f1552b-9131-468d-8f60-371ff55b2dbb,services.tours,available,72,23,8,,,
c6b3c3d7-79a1-4900-82e7-7b85574e4485,services.town,available,72,23,8,,,
c2c036b0-8592-4309-8095-8bc8894eaf34,services.toys,available,72,23,8,,,
6608e06b-cad1-4213-afba-a08ee0d36eaf,services.trade,premium,72,23,8,,,
aa21af7b-95c4-4b85-aca9-09cad6e73bdf,services.tube,resell,72,23,8,"GoDaddy.com, LLC",10/04/2019 22:14,10/04/2026 22:14
18ce245d-0131-40ee-ad8f-51e33183645b,services.tv,premium,72,23,8,,,
ab8c1e7d-968b-4912-b04d-bec0d473dd90,services.uno,premium,72,23,8,,,
89de4592-bc47-4da5-a08a-8c0736364f88,services.vacations,premium,72,23,8,,,
7d4aa8f1-e4ce-4427-a5fb-37240643e25b,services.vana,available,72,23,8,,,
e65c2629-2635-4d87-8c84-379205a2ecc4,services.vc,resell,72,23,8,Dynadot Inc,17/08/2020 00:07,17/08/2026 00:07
d065bb8c-72a8-4a43-960e-4debe4973161,services.vegas,expiring,72,23,8,"GoDaddy.com, LLC",27/12/2021 21:29,27/12/2025 21:29
45261e83-c614-4f1c-b53c-dd7991c87ef0,services.ventures,available,72,23,8,,,
8ff46a06-9946-4d44-8c29-abfb3da811d5,services.vet,premium,72,23,8,,,
11490c5a-175b-4e3f-a16e-ab5ccda75a47,services.viajes,available,72,23,8,,,
a7885100-c3de-449f-b28b-d81aa1a4ec31,services.video,premium,72,23,8,,,
12612881-9b0c-4fad-951c-ae88ef52d691,services.villas,premium,72,23,8,,,
bc771cca-4e78-4be9-8e13-2d814f85e01e,services.vin,expiring,72,23,8,Dynadot Inc,06/01/2023 21:10,06/01/2026 21:10
d47e7f80-d717-44ff-a426-d4dea6bc002d,services.vip,premium,72,23,8,,,
86744e32-b379-4139-a6e7-943be3e82e84,services.vodka,available,72,23,8,,,
3a76b852-b4f4-4b91-90e7-1abde1b0d2c2,services.vote,available,72,23,8,,,
e08216fb-8bf9-49d9-ad4f-57706217c771,services.voting,available,72,23,8,,,
519044e8-8575-4812-ad04-11e516f4b131,services.voto,available,72,23,8,,,
0c69fca4-646c-4935-9145-314624186752,services.voyage,premium,72,23,8,,,
82a57bb5-fe09-4b7c-bf44-795b0132c8b8,services.watch,premium,72,23,8,,,
3a8a03de-d911-4992-bb97-18876d439e73,services.webcam,premium,72,23,8,,,
b3f9f207-c9f3-4ec5-8fe5-bb63e0f275a4,services.website,premium,72,23,8,,,
ba333434-1c86-4256-8555-d31eb81ff843,services.wedding,premium,72,23,8,,,
2558d488-7617-4172-82e9-cb5dcf9598e1,services.wiki,resell,72,23,8,"DNSPod, Inc.",27/06/2022 00:00,27/06/2026 00:00
db09912a-d3b9-4eb1-9998-84d91ba4223d,services.win,premium,72,23,8,,,
0ae88c32-d9e6-45f0-bd4f-7831c7dbfbaf,services.wine,available,72,23,8,,,
a5e582cf-2b61-484f-a00f-f4855cbd1fb3,services.work,premium,72,23,8,,,
e900bffa-5ecd-4a9e-90a3-ae410580b9e0,services.works,premium,72,23,8,,,
368fdc57-a45b-429e-a5b9-bef1ab7b8ccf,services.world,expiring,72,23,8,Cronon GmbH,14/01/2015 16:00,14/01/2026 16:00
c0dfb676-0fd7-496a-8bdb-7abf882f6c7a,services.wtf,premium,72,23,8,,,
276b49f8-d77d-4d96-ad22-9020616a0fa0,services.xyz,resell,72,23,8,"Spaceship, Inc.",16/11/2021 04:14,16/11/2026 23:59
220870a0-7dc4-495b-92e7-e518ea5ed8c0,services.yachts,premium,72,23,8,,,
574eb8e1-13c6-4089-870c-7686ebd97c0e,services.yoga,available,72,23,8,,,
53e05ad9-e12a-4de7-8d46-f0602468093e,services.you,premium,72,23,8,,,
c4445b4f-e4cc-4759-bfb2-3325b4f493e8,services.zip,premium,72,23,8,,,
c8b82e69-2f69-440e-abff-c44b69e17f02,services.zone,resell,72,23,8,"DNSPod, Inc.",18/08/2020 03:13,18/08/2026 03:13
726cddb4-2fb4-42b6-ace6-a0c7534da2aa,connectivity.ai,resell,64,80,12,"NameCheap, Inc.",28/04/2025 07:01,28/04/2027 07:01
454bf579-7d0a-46e6-87d9-7e60b4c101bb,connectivity.app,premium,64,80,12,,,
ac9587f5-8067-4bc8-a951-7ffb30d2faaa,connectivity.at,available,64,80,12,,,
ca4dc895-dd97-4da3-83ac-84a84fdab523,connectivity.co,expiring,64,80,12,Tucows Domains Inc.,20/07/2010 22:07,19/07/2025 23:59
dde5b636-0559-4fb5-aa32-db979bf2cefa,connectivity.dev,premium,64,80,12,,,
1cfd8e4c-b3f2-459f-8da9-d3ed81706c16,connectivity.expert,available,64,80,12,,,
511ef7b8-992d-4e6d-ac94-92fa8e5ba311,connectivity.gg,available,64,80,12,,,
83be5b3d-9bc9-407d-9409-0949726b66b4,connectivity.ninja,available,64,80,12,,,
1d330dd4-d009-45b8-ad41-b8f375e10259,connectivity.site,expiring,64,80,12,"Go Daddy, LLC",08/07/2024 07:31,08/07/2025 23:59
acde1f80-6c6f-4386-b337-18e7dbdba5d1,connectivity.so,available,64,80,12,,,
7f2747e7-41c6-44df-bbd8-a5f6778c837d,connectivity.store,resell,64,80,12,Alibaba Cloud Computing Ltd. d/b/a HiChina (www.net.cn),03/12/2020 07:15,03/12/2030 23:59
e1a6b06f-41a1-4647-82ec-aeb77a7dd05f,connectivity.us,expired,64,80,12,Key-Systems GmbH,24/04/2002 15:03,23/04/2025 23:59
25add693-b083-46df-b9a3-b13e2e36f45d,calling.at,available,74,84,7,,,
f0b54677-f6f4-4889-96c7-c0576825ad9e,calling.cloud,premium,74,84,7,,,
3b50ac04-827f-4299-b5ab-36911a903f64,calling.co,resell,74,84,7,Hello Internet Corp.,24/02/2010 23:14,23/02/2026 23:59
89856291-d074-4746-8c4c-7152cad008e6,calling.dev,expired,74,84,7,"Spaceship, Inc.",22/04/2024 17:29,22/04/2025 17:29
1d6acdaf-ff63-467d-b222-9ca164998a30,calling.expert,available,74,84,7,,,
e518ab68-27ff-43b7-ae19-cb4b84864f36,calling.me,resell,74,84,7,"GoDaddy.com, LLC",11/08/2008 11:00,11/08/2026 11:00
e61bb521-b56c-4c6e-99ec-0dd135e9039a,calling.ninja,available,74,84,7,,,
071aed31-709f-4ffb-aa00-569ef04be462,calling.org,resell,74,84,7,Epik LLC,19/05/2002 18:12,19/05/2026 18:12
22927b33-14ae-4dad-9203-fecaea9e7414,calling.pro,resell,74,84,7,Epik LLC,11/09/2022 17:00,11/09/2025 17:00
3f14f313-7480-46f0-99f0-788c63550f26,calling.site,premium,74,84,7,,,
90a2cf80-cc8d-40f1-98ab-b3d6e63ebe38,calling.so,available,74,84,7,,,
3fa1be6f-e7e4-4ac4-8768-7a2a779a36a3,calling.space,premium,74,84,7,,,
4a69db36-2a4f-4d11-9a12-cfc03e88f008,calling.store,resell,74,84,7,"Name.com, Inc",28/04/2020 15:30,28/04/2026 23:59
66159725-d2a5-4d84-ba84-bbea828aaa52,calling.tech,expiring,74,84,7,One.com A/S,15/07/2018 22:05,15/07/2025 23:59
339e57f5-f635-4024-822f-879f0c80181f,calling.xyz,resell,74,84,7,"Spaceship, Inc.",02/06/2014 18:31,02/06/2026 23:59
755be194-62a0-4c75-9e26-44c96c07c60a,calling.zone,available,74,84,7,,,
f9b44251-5bd0-418a-ae04-bf7fcf9d88bf,messaging.at,available,60,80,9,,,
8de63312-ad25-487b-8c11-987dd2cfc521,messaging.cloud,premium,60,80,9,,,
a2c45608-dd63-4961-8faf-486ee4b287a5,messaging.co,resell,60,80,9,Dynadot Inc,18/11/2015 18:04,17/11/2025 23:59
eb375c56-f35e-4402-95e3-99392c0e91b8,messaging.dev,premium,60,80,9,,,
efb8cbed-604d-4954-bc97-1bb73856faa3,messaging.expert,premium,60,80,9,,,
4aa78324-dbac-4e3f-8baa-bcbcfed3547e,messaging.gg,available,60,80,9,,,
4ea6846b-df65-4c40-934f-2d68bbc5eeef,messaging.it,resell,60,80,9,,14/03/2021 16:00,30/03/2026 00:00
3c8401a8-f381-4e18-a642-2f29b732214a,messaging.online,premium,60,80,9,,,
450b2b73-4e14-4a83-99c7-f4559bddb7a5,messaging.site,premium,60,80,9,,,
9ed80358-c193-4864-9dc8-746061d99d11,messaging.so,available,60,80,9,,,
b189b3f6-2aff-41ba-95e3-432a3483bd10,messaging.space,premium,60,80,9,,,
39e2bf84-cb0e-4762-8c58-970e6670fb07,messaging.store,premium,60,80,9,,,
2dc5f9b6-5fc1-4aef-a5d6-2d636cee7bf2,messaging.tech,premium,60,80,9,,,
0ef397fb-66c5-456b-8b0c-71be2014dcc4,messaging.xyz,resell,60,80,9,"Go Daddy, LLC",03/06/2014 01:54,03/06/2026 23:59
b3858720-8bd8-4850-9af1-a2f3c02ca3a4,messaging.zone,available,60,80,9,,,
223e29b3-7082-4286-bd2f-b02c5fa5c1b1,voice.gg,resell,92,88,5,1API (http://www.1api.net),,
d0c31654-64fa-43d0-ae9a-5b5e9329e01b,voice.online,premium,92,88,5,,,
ccfb009a-1562-4d04-a69e-3369ddd9df2f,voice.org,resell,92,88,5,PDR Ltd. d/b/a PublicDomainRegistry.com,03/10/2001 18:03,03/10/2025 18:03
0cad5096-733c-4123-a977-e20848a2d4b0,voice.so,resell,92,88,5,NameCheap,25/06/2020 22:42,25/06/2026 22:42
8b151dd7-1960-4a46-9c07-d221c7f22601,voice.space,premium,92,88,5,,,
efa5d9d9-2db8-47cb-9860-7d40d24e5f1a,voice.store,premium,92,88,5,,,
98ad57bf-f27a-4070-a627-d8d7884196be,voice.us,resell,92,88,5,GrepApps Technology Inc.,29/06/2022 00:00,29/06/2026 00:00
4dff730d-0e8a-4a7a-bf68-e738f006ce3f,PBX.cloud,premium,,64,3,,,
0cf59bad-0680-41ff-aec2-b35a8529fcec,PBX.gg,available,,64,3,,,
44a04243-f23c-4212-b3fd-c5f3b313169a,PBX.it,resell,,64,3,,25/05/2020 16:00,25/05/2026 00:00
c3a06604-d4c5-468f-833b-6830deca14ca,PBX.net,expiring,,64,3,"NameSilo, LLC",31/07/1996 04:00,30/07/2025 04:00
1635f6e7-592a-480e-aee4-69b3cb9c18ef,PBX.pro,premium,,64,3,,,
209b811d-a74c-4e59-98d5-0f39efda4b0d,PBX.site,premium,,64,3,,,
8ebe9f98-d4a8-4385-b341-e3cbff12a039,PBX.so,available,,64,3,,,
cba17c5e-6bf8-4b97-83fe-1c3fe0cbcfc0,PBX.store,premium,,64,3,,,
0a9aa5ab-1b6a-4408-bf6c-9845d53d66f4,PBX.xyz,premium,,64,3,,,
3a6e0a90-2486-4dcd-8ce4-2d5242b44027,fiber.ac,available,78,26,5,,,
2be96f2a-a9e7-4058-813c-64ed02a47efa,fiber.accountant,premium,78,26,5,,,
a9205aaa-1d4e-4342-adb8-a16ff70f0905,fiber.accountants,available,78,26,5,,,
9a208732-d367-4af2-a01a-7e17ccffc971,fiber.actor,available,78,26,5,,,
503675d1-e435-40f3-b9bd-709c4d216615,fiber.adult,available,78,26,5,,,
d84a0cb1-2a88-4fec-9cec-4ec04dea9348,fiber.agency,sold,78,26,5,"GoDaddy.com, LLC",09/12/2014 00:34,09/12/2026 00:34
cc62d25f-074f-4272-a764-5d819d68f1cc,fiber.airforce,available,78,26,5,,,
f361dfe1-ab46-4d10-974b-c6d249a91e26,fiber.archi,available,78,26,5,,,
a02c8010-5a4c-4363-8e82-08d2e5eba6b7,fiber.army,available,78,26,5,,,
825136b6-f358-4916-a56d-500d06b0accd,fiber.art,premium,78,26,5,,,
0e853e2c-06b2-463b-ae2e-ba1721d1c1b3,fiber.associates,available,78,26,5,,,
7caf073b-5488-41dd-92d5-414e73843628,fiber.attorney,available,78,26,5,,,
3b8d1d9b-be85-4e08-975a-9ff1a7c9ca3d,fiber.auction,available,78,26,5,,,
4d2cd941-8731-4947-8011-0d8771e58bde,fiber.audio,available,78,26,5,,,
86446d7f-a349-40f1-ae77-5553840f03c3,fiber.auto,available,78,26,5,,,
d4ada893-a863-4373-860b-795608733d3e,fiber.autos,available,78,26,5,,,
837f1d70-0c1b-4ec4-a1a8-854e1c80e7e1,fiber.baby,available,78,26,5,,,
c76fe3b0-195c-4b98-acbb-ea5bbee6cef3,fiber.band,available,78,26,5,,,
98a9c72e-5d6e-4744-8b5a-2f251eacefb1,fiber.bargains,available,78,26,5,,,
69510d88-4a5f-4fa2-be09-9883939a8201,fiber.beer,available,78,26,5,,,
a2bf65b2-bd08-453e-add9-a392e68ce7aa,fiber.bid,premium,78,26,5,,,
d1d39555-c9a6-4bb9-914e-2ed2f2094e34,fiber.bingo,available,78,26,5,,,
810ae2a9-f0e1-427d-b341-26785a4bc601,fiber.bio,premium,78,26,5,,,
1b054c01-c52c-4eca-94db-61f6806b06f1,fiber.black,available,78,26,5,,,
2756a369-806a-471c-81e9-c7b403aef49e,fiber.blackfriday,available,78,26,5,,,
a7db2c24-9383-4a2a-9bea-ac83216db6e2,fiber.blog,premium,78,26,5,,,
1f028e54-3c8f-44fc-b42f-3e67c498bafe,fiber.bond,premium,78,26,5,,,
a8a9a1d5-e2ee-4bd1-8f60-27cdd51891c6,fiber.boo,premium,78,26,5,,,
bdea0a23-f48b-44fe-8558-f342c0c5afe0,fiber.boston,available,78,26,5,,,
0176b12e-592f-4b9c-9d94-6129bd864b52,fiber.boutique,available,78,26,5,,,
cfc2d282-da13-4177-aebb-f0168952bb5d,fiber.build,premium,78,26,5,,,
7913230a-161b-4bac-a045-679257f9e9a8,fiber.business,premium,78,26,5,,,
0a9623f4-6677-4313-9705-163a912cf106,fiber.buzz,premium,78,26,5,,,
3329c928-dbac-434b-ad66-b6f70ef08120,fiber.cafe,available,78,26,5,,,
7ddd91cf-8880-4d56-8987-defb771e5f22,fiber.cam,premium,78,26,5,,,
783e68e8-ae4c-4ac5-b2ec-7cf29534c3b5,fiber.camp,available,78,26,5,,,
1141f122-06fc-4b5e-81a2-2fb12d4a2fcd,fiber.car,available,78,26,5,,,
56f9c278-c313-4f61-af18-f0996412c92c,fiber.cards,available,78,26,5,,,
045e8562-47b0-4581-bf84-55e5c018751c,fiber.care,resell,78,26,5,"Spaceship, Inc.",30/10/2021 13:15,30/10/2026 13:15
bf100dad-5d5a-4230-8a29-0104c2db46e5,fiber.careers,available,78,26,5,,,
3622c6ab-788f-4502-8202-ae2c16a7def5,fiber.cars,available,78,26,5,,,
89afc7ec-7ca5-4337-8ac8-2e49ce73f6f1,fiber.cash,resell,78,26,5,"Xiamen ChinaSource Internet Service Co., Ltd",11/11/2023 01:38,11/11/2026 01:38
524619c7-bf47-4812-a0a6-c8ac44a1ee35,fiber.casino,available,78,26,5,,,
555e7b1b-6182-4790-832c-a3c6bb9ef1eb,fiber.catering,available,78,26,5,,,
e3a11667-16d7-488b-9242-84cc9c18ddf3,fiber.center,resell,78,26,5,"Chengdu West Dimension Digital Technology Co., Ltd.",04/06/2019 08:42,04/06/2026 08:42
7aa27943-c680-4b8f-a699-6030d2623bb0,fiber.ceo,available,78,26,5,,,
0aae4563-89d2-4b2f-82a7-13550f148990,fiber.cfd,premium,78,26,5,,,
a902d63f-b3c5-42d1-8f3a-955ff6435afc,fiber.charity,available,78,26,5,,,
d46f7445-e8e8-4547-96e0-198d8684d095,fiber.chat,expiring,78,26,5,"Xiamen ChinaSource Internet Service Co., Ltd",14/01/2022 13:15,14/01/2026 13:15
5a4ca5d2-0fdb-4549-b0d8-d84f81e7d49b,fiber.cheap,available,78,26,5,,,
a0168811-d5ef-48de-903a-4abd2b81280c,fiber.christmas,available,78,26,5,,,
bba1c1da-23d7-4bee-bccd-9f81313e2cdf,fiber.church,available,78,26,5,,,
80a467a8-9ffe-4005-bac6-774a3c87f610,fiber.claims,available,78,26,5,,,
e825b704-3e6d-4eda-b39d-32b1f8d5eb96,fiber.cleaning,available,78,26,5,,,
1bc063b9-c8b9-4b34-a5a7-b0f2283f0bee,fiber.clinic,available,78,26,5,,,
315cc825-db7c-4eeb-8d75-1a17c92721f2,fiber.cloud,resell,78,26,5,Porkbun LLC,07/05/2019 00:03,07/05/2026 00:03
7627136e-fa78-4ba1-98c5-bee5d0cca580,fiber.co,sold,78,26,5,Dynadot Inc,20/07/2010 18:00,19/07/2026 23:59
8e588377-9352-4e97-b5c8-6977ba9ae44a,fiber.codes,available,78,26,5,,,
7f8eb6b0-0110-404b-bc89-314bd5134bbb,fiber.coffee,available,78,26,5,,,
e12f8795-2cf9-4632-9371-0c73216e0bd4,fiber.college,available,78,26,5,,,
ebe9e69e-3a37-45d2-b195-5cf51072c110,fiber.community,available,78,26,5,,,
900f555b-5953-43fc-bad7-62ae80da7ab2,fiber.computer,available,78,26,5,,,
a10c40ca-1a19-43cb-bff6-2e08fc4504bb,fiber.condos,available,78,26,5,,,
bf5c7fba-287e-453e-8879-f3ae682e45d9,fiber.consulting,available,78,26,5,,,
6ce4e6b9-b510-4080-bd00-cf5abdf14d07,fiber.contact,available,78,26,5,,,
31003285-4206-493a-81a0-928d77b66c86,fiber.contractors,available,78,26,5,,,
19705ab4-9f6f-47f7-9501-48a9f1bca693,fiber.cooking,available,78,26,5,,,
f5a20858-b36c-463d-b3b5-fccf15bc0534,fiber.cool,available,78,26,5,,,
4d4a4080-0eca-4915-b2b0-4e07e1a763e1,fiber.country,available,78,26,5,,,
e0cac3a7-be78-4121-ab27-b6483b46456f,fiber.coupons,available,78,26,5,,,
b73a4702-006a-4644-82b2-10b357263766,fiber.courses,available,78,26,5,,,
5cacc695-d952-4ede-868f-89ca2a3798f0,fiber.credit,available,78,26,5,,,
3a643e2e-124d-42a5-86fd-63aee4701e9b,fiber.creditcard,available,78,26,5,,,
59ed66d6-f517-45d5-a280-9d9a42cc073a,fiber.cricket,premium,78,26,5,,,
beac0b07-000d-46a6-a91b-02f730d0f16a,fiber.cruises,available,78,26,5,,,
b48c17aa-e21e-4d29-b1db-73dd2b3d4906,fiber.cv,premium,78,26,5,,,
27decb21-e717-4a89-a160-d36a2e24efa0,fiber.cyou,premium,78,26,5,,,
8e2035d4-bbdf-4330-8e58-c5f711c2c6b9,fiber.dad,premium,78,26,5,,,
012e3086-3e20-4e16-b5ec-50d267de95ab,fiber.date,premium,78,26,5,,,
496963ef-8a8b-4a7c-b1df-d452c6000fb7,fiber.dating,available,78,26,5,,,
396e917a-fa13-4c97-9629-234291dff880,fiber.day,premium,78,26,5,,,
b3a71124-847d-493d-9af6-4f903ae3c0c2,fiber.deal,available,78,26,5,,,
50ed4285-7ac3-4e59-bff0-547fef964748,fiber.dealer,premium,78,26,5,,,
89cbcb8e-1952-4252-b14c-3ce19904c41a,fiber.deals,sold,78,26,5,"GoDaddy.com, LLC",09/12/2014 00:34,09/12/2026 00:34
b0a1e8dc-065d-4d80-a344-fff2b13c9acd,fiber.degree,available,78,26,5,,,
72cb1038-38f9-4733-a54c-5fbda3510182,fiber.delivery,available,78,26,5,,,
72d5835a-7b5c-40f8-afb4-ff98af1d9a1f,fiber.democrat,available,78,26,5,,,
5f7968d3-2805-4152-960f-d9a9499a5c94,fiber.dental,available,78,26,5,,,
a0e4fed9-29fe-484f-95e9-28046e1eea43,fiber.dentist,available,78,26,5,,,
a2134389-09c5-4150-8b71-05bb914b622b,fiber.design,premium,78,26,5,,,
07d3ce4f-7e44-409a-a9a0-eacb42308ff2,fiber.dev,sold,78,26,5,Squarespace Domains II LLC.,24/07/2023 18:25,24/07/2026 18:25
e7a81c6d-7697-40ce-b193-ad595ba8bc61,fiber.diamonds,available,78,26,5,,,
ea24b585-106a-4fce-af7c-256c8e0ce28e,fiber.digital,resell,78,26,5,"Sav.com, LLC - 14",27/11/2024 15:15,27/11/2026 15:15
a19daca0-f1a0-4703-82bc-8f36abaed5da,fiber.direct,available,78,26,5,,,
f1d413bd-4a87-4e2f-b019-b33e3aad900d,fiber.discount,available,78,26,5,,,
448da895-dca7-4444-bbfc-fa7def236331,fiber.diy,premium,78,26,5,,,
97b79258-c241-4e0a-a159-f87231722696,fiber.doctor,available,78,26,5,,,
23057e77-5f83-434b-a47f-91d52aedc781,fiber.dog,available,78,26,5,,,
9cee364c-78fa-4769-ba73-1c65f2d6b47e,fiber.domains,available,78,26,5,,,
9c19b059-d216-4483-8088-3dcb77bf2b53,fiber.download,premium,78,26,5,,,
cc59c784-cd91-49c6-802d-b088a12a502b,fiber.energy,available,78,26,5,,,
f13b1ba3-42a9-4e44-8e56-1b965d1960f4,fiber.engineering,premium,78,26,5,,,
3adc1033-135e-4ea5-b7d4-492324b790e4,fiber.enterprises,available,78,26,5,,,
d98ae15d-8a76-4d6a-bf81-a672c9680638,fiber.equipment,available,78,26,5,,,
bf49741e-ac6f-42af-81b7-0c36d5018ccb,fiber.esq,premium,78,26,5,,,
935ae0ff-b8cc-4c7c-b602-df6389e895ec,fiber.estate,available,78,26,5,,,
68da60af-9ea5-4750-9390-b48bee6c8eb0,fiber.exchange,resell,78,26,5,"Sav.com, LLC - 1",06/11/2025 15:15,06/11/2026 15:15
13520e9d-eec4-4ff1-be7b-d5637e7968fc,fiber.exposed,available,78,26,5,,,
41c6882c-ae50-433c-9237-141d46307848,fiber.fail,available,78,26,5,,,
c967f8f8-f5a6-4d1e-b0e7-5f5958906a37,fiber.faith,premium,78,26,5,,,
53227985-7dcd-4f5d-8746-e0b477e9df6b,fiber.family,available,78,26,5,,,
f2cb0e1a-8b29-4230-809d-5b537640586a,fiber.fan,available,78,26,5,,,
69797731-eb03-499f-bcbf-c0ed1fa7a30d,fiber.fans,premium,78,26,5,,,
3c2f4c4a-403a-4883-8996-2c1139d52b86,fiber.fashion,available,78,26,5,,,
a350e904-85af-4e76-9790-b1233a645e56,fiber.fast,premium,78,26,5,,,
f8b9ae9a-fdf6-4817-9b62-255e2b49d5c6,fiber.film,available,78,26,5,,,
ca80f11c-22e6-4df2-84e8-cc618345fbb0,fiber.finance,resell,78,26,5,Dynadot Inc,13/04/2025 17:40,13/04/2026 17:40
ce67640b-0303-49c7-b719-6cd53506ba6a,fiber.fish,available,78,26,5,,,
734e5cd9-c681-41c9-84d8-ec248f3a8f30,fiber.fishing,available,78,26,5,,,
0ce2bcec-48fe-4950-8136-09575902ea1a,fiber.fit,resell,78,26,5,"Xiamen ChinaSource Internet Service Co., Ltd",12/11/2019 08:22,12/11/2026 08:22
3bc7f193-927c-4d0b-9c24-1dd2d4a19305,fiber.flights,available,78,26,5,,,
e9d9ecca-c0ff-49db-ac25-c8a66ad3b8b3,fiber.florist,available,78,26,5,,,
e172b790-f3ad-4a51-902a-2ca19c13e9e4,fiber.flowers,available,78,26,5,,,
236ce43d-63b5-488c-b112-6a9c1bc427a6,fiber.fm,available,78,26,5,,,
3568ba3e-0266-478e-8719-28a73b5eb5fc,fiber.foo,premium,78,26,5,,,
96368c47-9c12-451f-8889-b02662eb2288,fiber.football,available,78,26,5,,,
97e42fc7-f03e-4ca7-be52-c3c79bec29dd,fiber.forsale,premium,78,26,5,,,
7383dd80-eaff-4202-ba00-e60be3599149,fiber.forum,premium,78,26,5,,,
a7ab762b-c2ad-41a9-809e-a27e76bd4dc6,fiber.free,premium,78,26,5,,,
dabaafe5-f3b1-4d0c-9008-332bbe599984,fiber.fun,premium,78,26,5,,,
696c9722-b9c1-492b-a1cc-0c1ed6b9318c,fiber.fund,available,78,26,5,,,
314281d9-2243-4027-8156-2080106e07a3,fiber.furniture,available,78,26,5,,,
bf93d286-b9cf-461c-9769-e9cc7793c661,fiber.futbol,available,78,26,5,,,
2c99bec4-8cd9-4988-a362-37661cbe6500,fiber.game,available,78,26,5,,,
fa2aa053-ce9c-4101-9a00-fb9dde595b73,fiber.games,resell,78,26,5,"Xiamen ChinaSource Internet Service Co., Ltd",05/09/2024 17:00,05/09/2026 17:00
361e7c29-90b3-4d08-92d2-589493ee7728,fiber.gay,available,78,26,5,,,
c9854ecc-4c28-44b9-91de-360c26598bfd,fiber.gg,resell,78,26,5,Dynadot Inc. (https://www.dynadot.com),,